SortID,ID1,geogpop2,ref_nhm,ref_nhm_data9,StructureID,X,Y,length,sex,age,agecat,year_found,found_date,X415_416A,X415_416B,IGF_1A,IGF_1B,X417_418A,X417_418B,GT136A,GT136B,GT011A,GT011B,EV94A,EV94B,GT015A,GT015B,GATA053A,GATA053B,TAA031A,TAA031B,EV104A,EV104B
1,9,Channel,SW1991_17,SW1991/17,SW1991_17,51.35,1.43,141,M,8,Adult,1991,29/01/91,215/215,146/150,177/177,95/95,105/119,202/206,154/168,201/209,229/235,156/160
2,5,Channel,SW1991_17A,SW1991/17A,SW1991_17A,50.63,-1.17,137,F,4,Juvenile,1991,05/02/91,215/215,146/148,175/175,93/101,105/123,206/206,162/168,205/209,223/223,158/160
3,1,Channel,SW2001_36,SW2001/36,SW2001_36,51.38,1.19,114,F,1,Juvenile,2001,17/02/01,215/215,146/148,177/181,97/97,105/119,202/208,142/162,209/209,220/223,148/158
4,8,Channel,SW1991_24,SW1991/24,SW1991_24,50.84,0.50,143,M,7,Adult,1991,16/02/91,215/217,150/156,175/177,97/101,119/121,NA/NA,134/134,209/209,217/232,154/160
5,7,Channel,SW1993_36,SW1993/36,SW1993_36,50.78,-0.68,113,M,1,Juvenile,1993,09/03/93,215/217,146/150,177/179,99/99,91/105,198/204,148/162,209/209,223/235,NA/NA
6,11,Channel,SW1991_36,SW1991/36,SW1991_36,50.70,-1.53,152,F,14,Adult,1991,02/04/91,215/217,152/156,175/181,99/105,105/105,202/202,134/162,209/213,229/235,156/160
7,12,Channel,SW1999_103,SW1999/103,SW1999_103,50.70,-2.74,79,M,0,Neonate,1999,13/05/99,215/217,150/150,175/175,97/101,105/105,202/204,138/150,209/209,223/229,152/152
8,14,Channel,SW1992_146,SW1992/146,SW1992_146,51.39,0.92,78,M,0,Neonate,1992,24/06/92,NA/NA,144/148,175/177,97/99,107/123,202/202,136/150,209/209,223/223,NA/NA
9,13,Channel,SW1998_145,SW1998/145,SW1998_145,50.96,0.96,84,M,0,Neonate,1998,02/08/98,215/219,146/158,175/177,99/101,105/123,202/204,150/156,209/209,220/244,148/158
10,10,Channel,SW1998_167A,SW1998/167A,SW1998_167A,50.70,-1.56,113,F,1,Juvenile,1998,09/09/98,215/215,138/154,177/177,99/99,105/107,198/204,144/154,209/209,220/223,150/154
11,6,Channel,SW2000_171,SW2000/171,SW2-9_171,50.72,-2.94,124,M,NA,Juvenile,2000,21/10/00,215/217,120/148,175/175,97/97,105/107,202/208,140/162,NA/NA,NA/NA,160/160
12,2,Channel,SW1999_207,SW1999/207,SW1999_207,51.33,1.36,163,F,NA,Adult,1999,22/12/99,217/217,144/150,175/175,95/97,105/107,202/206,134/166,201/209,223/223,152/158
13,3,Channel,SW1998_211,SW1998/211,SW1998_211,50.82,-0.40,149,F,12,Adult,1998,18/12/98,215/215,146/152,175/175,95/101,105/105,198/202,136/170,209/209,223/226,156/156
14,4,Channel,SW1994_185,SW1994/185,SW1994_185,50.83,-0.87,145,F,5,Adult,1994,30/12/94,215/215,150/156,175/177,99/99,105/107,198/202,134/168,209/213,223/235,148/158
15,18,CWest,SW2001_11,SW2001/11,SW2001_11,50.23,-3.78,157,F,NA,Juvenile,2001,10/01/01,215/217,148/148,175/181,99/109,105/107,198/208,136/154,209/209,223/232,158/162
16,39,CWest,SW2001_24A,SW2001/24A,SW2001_24A,50.30,-3.92,130,M,3,Juvenile,2001,27/01/01,217/217,150/148,175/175,97/103,105/105,198/206,150/152,209/209,229/235,154/154
17,62,CWest,SW1993_15,SW1993/15,SW1993_15,50.56,-3.48,158,M,NA,Adult,1993,02/02/93,215/217,150/152,175/177,97/101,107/123,198/202,138/160,209/209,232/238,148/156
18,61,CWest,SW1993_20,SW1993/20,SW1993_20,50.45,-3.56,143,M,NA,Adult,1993,15/02/93,215/215,148/154,175/177,95/107,103/119,198/198,164/170,209/209,223/235,NA/NA
19,60,CWest,SW1994_12,SW1994/12,SW1994_12,50.24,-3.78,136,M,4,Juvenile,1994,04/02/94,215/219,148/164,175/175,87/99,105/107,198/198,NA/NA,209/213,220/223,150/150
20,29,CWest,SW1994_21,SW1994/21,SW1994_21,50.24,-3.78,160,F,7,Adult,1994,20/02/94,215/219,138/146,175/175,97/107,109/119,202/204,136/148,209/213,223/223,156/156
21,42,CWest,SW2000_18,SW2000/18,SW2-9_18,50.31,-3.94,166,M,NA,Adult,2000,08/02/00,215/219,148/154,177/187,95/101,105/107,202/206,134/142,209/209,214/217,158/158
22,40,CWest,SW2000_30,SW2000/30,SW2-9_30,50.29,-3.86,134,M,NA,Subadult,2000,22/02/00,213/215,144/158,175/179,97/103,113/121,202/202,152/154,209/209,223/229,156/160
23,15,CWest,SW2001_47,SW2001/47,SW2001_47,50.26,-3.84,168,F,NA,Adult,2001,12/03/01,215/215,150/158,175/185,97/109,105/107,198/210,134/162,209/209,223/223,150/156
24,48,CWest,SW1998_184,SW1998/184,SW1998_184,50.31,-4.08,137,M,3,Subadult,1998,19/10/98,215/215,146/148,175/175,99/101,105/107,198/202,140/158,209/213,223/223,158/158
25,53,CWest,SW1997_173,SW1997/173,SW1997_173,50.68,-3.24,137,M,2,Juvenile,1997,24/11/97,215/215,148/154,175/187,97/97,105/121,198/204,152/164,209/213,223/223,152/158
26,46,CWest,SW1999_199,SW1999/199,SW1999_199,50.27,-3.88,116,M,1,Juvenile,1999,29/11/99,215/217,144/148,177/181,95/97,107/119,206/208,120/166,209/209,223/223,152/158
27,37,CWest,SW1991_14,SW1991/14,SW1991_14,50.15,-5.08,189,F,14,Adult,1991,18/01/91,215/215,148/150,175/175,99/101,105/105,204/204,140/148,209/209,220/223,154/160
28,64,CWest,SW1992_9,SW1992/9,SW1992_9,50.18,-4.98,168,M,NA,Adult,1992,29/01/92,209/215,150/164,175/175,95/99,105/119,198/204,136/172,205/213,223/229,NA/NA
29,57,CWest,SW1996_20,SW1996/20,SW1996_20,50.13,-5.51,133,M,NA,Juvenile,1996,11/01/96,215/217,142/156,175/175,89/99,NA/NA,198/206,152/166,209/209,223/235,162/162
30,56,CWest,SW1996_27_1,SW1996/27.1,SW1996_27_1,50.09,-5.38,153,M,5,Adult,1996,22/01/96,215/215,146/148,177/181,97/99,105/105,206/208,138/164,209/209,220/223,152/156
31,27,CWest,SW1997_17,SW1997/17,SW1997_17,50.09,-5.15,128,F,0,Juvenile,1997,20/01/97,215/217,146/150,175/181,97/99,105/121,198/198,138/152,209/213,220/223,158/160
32,52,CWest,SW1997_2,SW1997/2,SW1997_2,50.07,-5.08,151,M,2,Juvenile,1997,08/01/97,215/217,148/148,175/175,95/99,107/121,202/204,156/164,209/209,232/235,152/152
33,26,CWest,SW1997_23,SW1997/23,SW1997_23,50.02,-5.10,161,F,4,Adult,1997,27/01/97,215/215,148/158,175/175,97/103,105/125,202/210,138/148,205/213,223/223,158/164
34,25,CWest,SW1997_29,SW1997/29,SW1997_29,50.20,-4.94,133,F,2,Juvenile,1997,26/01/97,215/215,124/164,175/175,101/101,105/113,198/198,140/158,209/209,223/223,NA/NA
35,51,CWest,SW1997_5,SW1997/5,SW1997_5,50.18,-4.98,127,M,0,Juvenile,1997,10/01/97,215/217,156/158,161/175,95/99,107/117,204/210,136/152,209/209,220/223,154/158
36,50,CWest,SW1998_1,SW1998/1,SW1998_1,50.46,-5.03,157,M,1,Juvenile,1998,05/01/98,215/217,124/152,175/175,97/99,113/119,198/202,136/158,209/213,223/229,154/154
37,49,CWest,SW1998_16,SW1998/16,SW1998_16,50.19,-4.97,128,M,0,Juvenile,1998,23/01/98,215/217,146/150,175/175,95/97,105/117,204/206,156/164,209/213,223/223,154/160
38,19,CWest,SW2001_10,SW2001/10,SW2001_10,50.26,-3.79,131,F,3,Juvenile,2001,10/01/01,215/215,148/148,175/177,NA/NA,107/117,202/208,134/152,209/209,223/223,150/154
39,17,CWest,SW2001_21,SW2001/21,SW2001_21,51.06,-4.20,171,F,NA,Adult,2001,24/01/01,215/215,148/148,175/175,95/101,119/123,200/202,138/164,209/209,229/241,158/158
40,36,CWest,SW1991_19_B,SW1991/19(B),SW1991_19_B,50.21,-5.49,131,F,2,Juvenile,1991,12/02/91,NA/NA,148/156,175/181,97/97,119/121,198/198,150/152,213/213,223/232,154/158
41,55,CWest,SW1996_46,SW1996/46,SW1996_46,49.96,-4.92,146,M,NA,Adult,1996,23/02/96,215/217,152/158,175/177,97/99,105/107,204/206,138/138,209/209,223/235,154/158
42,45,CWest,SW1999_26,SW1999/26,SW1999_26,50.35,-4.45,124,M,0,Juvenile,1999,13/02/99,215/215,150/160,175/175,NA/NA,105/107,202/204,136/164,209/209,214/232,154/160
43,44,CWest,SW1999_28,SW1999/28,SW1999_28,50.84,-4.55,146,M,5,Adult,1999,16/02/99,215/215,146/148,175/177,97/97,105/107,198/198,134/140,209/209,214/223,158/160
44,21,CWest,SW2000_10,SW2000/10,SW2-9_10,50.35,-4.32,127,F,NA,Juvenile,2000,07/02/00,215/217,146/150,175/175,97/99,107/107,206/208,136/150,209/213,217/229,158/158
45,20,CWest,SW2000_13,SW2000/13,SW2-9_13,50.12,-5.48,130,F,3,Juvenile,2000,07/02/00,215/219,138/146,175/181,95/97,105/119,202/204,160/164,209/209,223/229,152/152
46,59,CWest,SW1995_17,SW1995/17,SW1995_17,51.17,-4.22,104,M,0,Juvenile,1995,12/02/95,217/217,146/156,175/175,95/103,105/109,198/198,136/140,209/209,223/223,152/152
47,16,CWest,SW2001_30,SW2001/30,SW2001_30,51.16,-4.21,129,F,1,Juvenile,2001,07/02/01,215/215,148/150,175/187,101/103,105/123,198/198,136/152,209/209,223/235,152/162
48,66,CWest,SW1991_32A,SW1991/32A,SW1991_32A,50.18,-5.94,151,M,2,Juvenile,1991,17/03/91,215/217,150/154,175/181,97/99,105/113,202/204,162/166,205/209,223/235,156/160
49,33,CWest,SW1993_35,SW1993/35,SW1993_35,49.96,-5.21,175,F,NA,Adult,1993,09/03/93,215/215,146/146,175/177,97/99,105/105,202/206,132/150,209/209,220/223,150/156
50,28,CWest,SW1995_35,SW1995/35,SW1995_35,50.51,-5.02,141,F,NA,Adult,1995,15/03/95,215/217,140/154,175/175,93/101,105/107,202/206,144/170,209/209,223/235,156/156
51,58,CWest,SW1995_39,SW1995/39,SW1995_39,50.54,-4.95,NA,M,8,Adult,1995,20/03/95,215/219,148/148,175/181,101/101,119/121,202/208,150/156,209/209,223/223,156/160
52,54,CWest,SW1996_60,SW1996/60,SW1996_60,50.15,-5.08,171,M,8,Adult,1996,20/03/96,215/217,146/156,175/175,95/97,105/105,204/208,138/150,209/213,229/253,NA/NA
53,23,CWest,SW1998_40,SW1998/40,SW1998_40,50.28,-5.24,176,F,5,Adult,1998,02/03/98,215/215,148/158,175/175,97/101,105/107,198/198,154/176,209/209,223/229,160/160
54,43,CWest,SW1999_55,SW1999/55,SW1999_55,50.35,-5.14,152,M,7,Adult,1999,22/03/99,215/215,146/148,175/181,NA/NA,105/107,198/204,150/162,209/209,223/223,154/162
55,68,CWest,SW2001_110,SW2001/110,SW2001_110,50.83,-4.55,139,F,NA,Juvenile,2001,20/05/01,215/215,148/152,175/175,97/105,119/123,198/204,138/162,209/209,223/223,154/158
56,22,CWest,SW1998_50,SW1998/50,SW1998_50,51.04,-4.24,131,F,0,Juvenile,1998,13/03/98,215/215,146/164,177/183,99/99,107/107,198/204,138/142,209/209,223/223,148/150
57,79,CWest,SW1994_83,SW1994/83,SW1994_83,50.12,-5.51,85,M,0,Neonate,1994,11/05/94,215/217,148/154,175/175,97/99,105/121,204/206,138/140,209/209,223/226,152/152
58,78,CWest,SW1994_84,SW1994/84,SW1994_84,50.12,-5.55,77,M,0,Neonate,1994,16/05/94,215/215,148/158,175/177,89/95,105/107,204/204,162/164,209/209,223/223,150/156
59,72,CWest,SW1996_85,SW1996/85,SW1996_85,50.42,-5.11,86,F,0,Neonate,1996,08/05/96,215/217,148/158,175/177,97/97,103/105,198/198,150/156,209/209,223/223,NA/NA
60,80,CWest,SW1994_108,SW1994/108,SW1994_108,51.34,-2.98,75,M,0,Neonate,1994,25/06/94,215/215,146/148,175/175,NA/NA,105/107,198/210,146/154,205/209,223/229,156/156
61,71,CWest,SW1997_103,SW1997/103,SW1997_103,50.26,-3.86,117,F,1,Juvenile,1997,03/07/97,215/215,148/150,175/175,99/103,105/113,204/208,138/158,209/209,223/223,152/154
62,73,CWest,SW1995_99,SW1995/99,SW1995_99,50.35,-4.46,135,F,NA,NA,1995,08/08/95,215/215,156/164,175/181,97/101,105/105,198/208,158/176,209/213,223/223,136/162
63,70,CWest,SW1998_144,SW1998/144,SW1998_144,50.54,-5.01,176,F,4,Adult,1998,03/08/98,215/215,148/152,175/177,95/97,105/119,198/210,148/162,205/209,223/235,152/156
64,77,CWest,SW1998_149,SW1998/149,SW1998_149,50.10,-5.55,145,M,4,Adult,1998,05/08/98,215/215,146/150,175/177,95/99,105/115,198/198,142/148,209/209,223/223,152/160
65,69,CWest,SW1998_151,SW1998/151,SW1998_151,50.11,-5.55,174,F,4,Adult,1998,05/08/98,209/217,148/148,175/175,99/101,105/107,198/202,174/174,209/209,235/235,148/158
66,75,CWest,SW1999_165,SW1999/165,SW1999_165,50.13,-5.50,139,M,2,Juvenile,1999,10/09/99,217/217,148/150,175/175,97/99,117/121,202/202,156/158,205/209,223/229,152/160
67,74,CWest,SW1999_172,SW1999/172,SW1999_172,50.03,-5.27,165,M,8,Adult,1999,17/09/99,215/217,148/150,175/187,99/99,105/107,198/208,138/156,209/209,223/223,154/154
68,76,CWest,SW1998_171,SW1998/171,SW1998_171,51.09,-4.23,77,M,0,Neonate,1998,17/09/98,215/217,148/158,181/187,97/99,105/119,202/204,140/154,209/213,223/223,158/158
69,32,CWest,SW1994_163,SW1994/163,SW1994_163,50.24,-4.84,138,F,1,Juvenile,1994,24/10/94,215/215,148/150,175/175,93/99,107/107,202/202,150/152,209/213,223/229,NA/NA
70,24,CWest,SW1998_182,SW1998/182,SW1998_182,50.23,-4.85,143,F,1,Juvenile,1998,17/10/98,217/217,144/146,175/177,NA/NA,105/105,202/208,134/160,209/209,223/235,152/154
71,65,CWest,SW1992_201,SW1992/201,SW1992_201,51.23,-3.83,120,M,NA,Juvenile,1992,06/10/92,215/215,150/158,175/175,97/99,113/121,198/206,144/152,209/213,223/223,152/152
72,67,CWest,SW1990_96,SW1990/96,SW1990_96,50.12,-5.54,135,M,4,NA,1990,10/11/90,215/217,144/148,177/181,93/97,105/117,198/204,140/142,209/209,223/223,160/160
73,34,CWest,SW1993_135,SW1993/135,SW1993_135,50.11,-5.44,131,F,1,Juvenile,1993,29/11/93,215/215,148/160,175/177,95/99,105/121,198/204,140/158,205/209,223/223,150/158
74,41,CWest,SW2000_196,SW2000/196,SW2-9_196,51.17,-4.22,148,M,7,Adult,2000,21/11/00,215/217,148/148,175/175,95/97,113/121,198/202,138/152,209/209,223/235,162/162
75,38,CWest,SW1990_109,SW1990/109,SW1990_109,50.07,-5.71,NA,F,0,Juvenile,1990,11/12/90,215/217,148/150,175/181,101/103,105/105,202/210,158/166,205/209,223/229,152/152
76,35,CWest,SW1992_215,SW1992/215,SW1992_215,50.12,-5.48,190,F,15,Adult,1992,07/12/92,215/219,148/150,177/187,99/99,103/105,198/202,138/164,205/209,223/238,154/160
77,63,CWest,SW1993_149,SW1993/149,SW1993_149,50.21,-4.94,129,M,2,Juvenile,1993,28/12/93,NA/NA,142/150,175/175,97/97,107/123,198/202,150/164,209/209,223/235,148/150
78,31,CWest,SW1994_175,SW1994/175,SW1994_175,50.13,-5.49,176,F,NA,Adult,1994,04/12/94,215/215,146/148,175/175,95/99,105/107,198/202,134/150,209/209,223/223,NA/NA
79,30,CWest,SW1994_177,SW1994/177,SW1994_177,50.12,-5.48,178,F,NA,Adult,1994,07/12/94,215/215,146/148,175/175,97/101,105/105,198/204,136/136,209/209,223/229,152/156
80,47,CWest,SW1998_213,SW1998/213,SW1998_213,50.12,-5.48,129,M,4,Juvenile,1998,26/12/98,215/215,154/156,175/175,97/103,105/121,198/198,136/164,209/209,217/235,160/160
81,145,NSN,M204_95,SW1995/6A,M204_95,55.99,-2.90,100,F,NA,Juvenile,1995,23/01/95,215/217,150/160,175/177,105/109,119/121,208/208,138/148,209/209,220/223,154/162
82,87,NSN,M10_01,SW2001/25C,M10_01,56.30,-2.64,125,F,1,Juvenile,2001,28/01/01,NA/NA,146/158,175/181,97/105,105/107,202/210,154/166,209/209,223/229,144/160
83,96,NSN,M164_99,SW1999/15A,M164_99,56.03,-3.36,145,M,9,Adult,1999,24/01/99,215/221,154/156,175/175,109/111,119/121,204/204,144/146,209/209,223/223,148/162
84,81,NSN,M002_02,SW2002/9B,M002_02,57.70,-2.91,106,F,1,Juvenile,2002,06/01/02,215/217,156/156,177/183,105/107,107/113,204/204,156/166,209/209,232/235,150/152
85,148,NSN,M0037_96,M0037/96,M0037_96,57.18,-2.08,NA,NA,NA,NA,1996,NA,215/217,148/154,NA/NA,99/105,107/107,204/206,150/166,209/209,220/223,150/160
86,100,NSN,M10_96,SW1996/4A,M10_96,57.16,-2.08,NA,F,NA,NA,1996,04/01/96,215/215,144/156,NA/NA,95/105,105/123,204/206,156/164,205/209,223/226,158/158
87,101,NSN,M146_96,SW1996/31C,M146_96,57.17,-2.08,109,M,1,Juvenile,1996,28/01/96,215/215,138/152,175/175,95/99,107/125,198/198,162/172,209/209,223/232,152/158
88,147,NSN,M168_98,SW1998/18B,M168_98,57.68,-2.16,152,M,8,Adult,1998,26/01/98,215/217,150/150,175/175,97/105,105/107,198/204,146/166,209/209,223/232,158/160
89,125,NSN,M6_01,M6/01,M6_01,57.50,-1.78,NA,F,Juvenile,NA,2001,NA,215/215,148/156,175/183,97/99,105/107,198/210,164/166,209/209,217/223,152/160
92,83,NSN,M001_01,SW2001/5B,M001_01,60.16,-1.12,102,M,0,Juvenile,2001,05/01/01,213/217,148/160,NA/NA,99/99,105/107,202/202,136/144,209/209,232/238,NA/NA
93,146,NSN,M185_93,SW1993/11B,M185_93,59.88,-1.31,130,M,NA,NA,1993,25/01/93,209/215,146/148,175/175,97/101,115/121,198/202,NA/NA,NA/NA,223/223,156/158
94,135,NSN,M5_01,M5/01,M5_01,60.20,-1.56,NA,M,NA,NA,2001,NA,215/215,146/146,175/175,97/103,105/119,198/204,150/160,209/213,217/220,152/160
95,126,NSN,M59_98,M59/98,M59_98,60.21,-1.39,NA,F,NA,NA,1998,NA,213/215,150/150,175/177,95/101,121/123,202/206,120/156,209/209,220/223,162/162
96,143,NSN,M4_01,SW2001/15B,M4_01,56.64,-2.51,148,F,4,NA,2001,18/01/01,215/217,150/156,175/175,97/99,115/115,198/208,134/170,209/209,223/229,152/154
97,94,NSN,M338_99,SW1999/25A,M338_99,56.37,-2.83,133,M,5,Adult,1999,12/02/99,215/215,150/158,175/175,99/99,105/119,202/206,138/142,201/209,223/223,154/158
98,85,NSN,M022_01,SW2001/38C,M022_01,57.71,-3.43,130,M,2,Juvenile,2001,25/02/01,215/217,146/146,175/175,95/97,105/107,198/202,160/172,209/209,223/232,158/160
99,109,NSN,M392_94,SW1994/26A,M392_94,57.65,-1.90,NA,F,Juvenile,NA,1994,NA,213/219,140/154,177/177,87/109,105/123,202/204,156/168,209/209,223/235,154/158
101,110,NSN,M364_94,SW1994/20B,M364_94,56.00,-2.89,112,F,NA,Juvenile,1994,18/02/94,215/215,150/150,183/187,99/99,107/115,198/202,154/164,209/213,235/235,158/160
102,140,NSN,M440_93,SW1993/28A,M440_93,56.06,-2.70,133,M,NA,NA,1993,27/02/93,215/215,148/150,175/179,99/109,105/115,198/202,162/156,209/209,223/223,158/158
103,142,NSN,M430_94,SW1994/28A,M430_94,56.00,-3.53,138,M,NA,NA,1994,25/02/94,213/215,144/154,175/175,97/99,105/121,202/208,140/176,209/209,223/223,156/160
104,82,NSN,M31_01,SW2001/73A,M31_01,57.16,-2.08,112,M,0,Juvenile,2001,30/03/01,215/215,150/154,NA/NA,97/99,105/115,204/206,138/140,209/209,223/235,156/156
105,137,NSN,M493_99,SW1999/48A,M493_99,57.17,-2.08,143,M,7,Adult,1999,12/03/99,213/215,150/154,175/177,103/105,105/107,206/208,166/166,209/209,223/235,154/154
106,136,NSN,M499_99,SW1999/54A,M499_99,57.34,-2.00,127,F,3,NA,1999,19/03/99,215/215,148/150,175/185,99/109,119/123,202/202,166/178,209/209,220/226,158/158
107,134,NSN,M50_00,SW2000/52A,M50_00,57.70,-2.90,104,M,2,Juvenile,2000,15/03/00,215/215,146/150,175/175,95/95,105/119,198/206,148/150,209/209,226/235,150/150
108,131,NSN,M515_96,SW1996/69B,M515_96,57.72,-3.32,126,F,NA,NA,1996,31/03/96,215/215,146/154,175/177,101/101,105/105,202/206,140/142,209/209,223/223,150/150
109,129,NSN,M522_98,SW1998/43A,M522_98,57.69,-2.94,152,F,9,Adult,1998,08/03/98,215/219,148/158,175/177,99/99,107/119,198/206,142/164,209/209,223/232,158/158
110,120,NSN,M677_97,SW1997/64D,M677_97,57.70,-3.50,93,F,0,Juvenile,1997,28/03/97,215/219,148/158,175/175,99/99,105/119,198/202,136/140,209/209,223/229,152/158
111,119,NSN,M679_98,SW1998/58A,M679_98,57.18,-2.08,147,M,5,Adult,1998,26/03/98,215/215,140/148,175/179,97/99,105/117,202/204,164/174,209/209,220/223,154/158
112,99,NSN,M398_96,SW1996/50B,M398_96,57.82,-3.83,133,M,4,NA,1996,14/03/96,215/217,150/156,175/177,97/103,107/109,206/208,140/152,209/209,223/229,NA/NA
113,130,NSN,M517_93,SW1993/34B,M517_93,57.50,-4.30,157,M,NA,NA,1993,09/03/93,215/217,152/154,175/187,103/105,109/123,202/210,136/152,209/209,223/232,152/152
114,127,NSN,M588_98,SW1998/52B,M588_98,58.62,-3.35,110,F,2,Juvenile,1998,17/03/98,215/215,150/158,175/179,101/103,105/121,204/204,156/176,209/209,223/223,158/158
116,128,NSN,M529_95,SW1995/41A,M529_95,58.86,-2.91,163,F,NA,NA,1995,21/03/95,215/217,148/154,175/181,109/109,119/119,200/208,134/156,209/209,223/229,158/162
117,141,NSN,M438_95,SW1995/34A,M438_95,60.10,-1.22,161,F,18,Adult,1995,09/03/95,215/217,148/148,175/177,99/105,105/121,204/206,138/168,209/213,220/223,150/152
118,139,NSN,M446_95,SW1995/34B,M446_95,59.92,-1.29,147,F,NA,NA,1995,13/03/95,215/215,136/154,177/177,103/107,121/123,198/206,156/164,209/209,217/229,154/162
119,138,NSN,M492_99,SW1999/48C,M492_99,60.15,-1.15,150,M,12,Adult,1999,14/03/99,213/213,146/150,175/177,95/95,109/123,198/202,120/138,209/213,220/223,154/154
120,133,NSN,M500_99,SW1999/57A,M500_99,60.10,-1.28,129,M,5,Adult,1999,22/03/99,215/219,148/150,175/177,97/99,107/107,204/206,138/142,209/209,223/229,136/148
121,132,NSN,M503_99,SW1999/62B,M503_99,60.22,-1.35,148,F,5,Adult,1999,26/03/99,215/215,140/152,175/177,101/103,105/115,202/208,140/140,209/209,220/223,160/160
122,123,NSN,M622_97,SW1997/62B,M622_97,60.13,-2.08,152,F,NA,NA,1997,18/03/97,213/215,146/156,175/177,95/107,105/113,202/204,142/152,209/209,223/223,154/156
123,121,NSN,M641_98,SW1998/56A,M641_98,60.16,-1.43,133,M,18,Adult,1998,23/03/98,215/215,150/152,175/177,95/103,103/105,202/204,136/146,209/209,235/235,156/156
124,84,NSN,M25_01,SW2001/43A,M25_01,56.50,-2.71,114,F,0,Juvenile,2001,08/03/01,215/217,148/152,175/175,95/99,121/121,202/204,120/170,209/209,220/232,152/160
125,244,NSN,M511_99,SW1999/76A,M511_99,56.03,-3.49,107,F,0,Juvenile,1999,12/04/99,215/217,146/146,175/177,97/99,115/121,202/204,136/136,209/209,214/223,152/156
126,149,NSN,M39_01,SW2001/80A,M39_01,57.69,-2.61,115,F,1,Juvenile,2001,11/04/01,215/215,142/150,175/177,87/107,117/117,198/206,150/156,209/209,223/223,152/158
127,250,NSN,M43_01,SW2001/83A,M43_01,57.68,-2.33,118,M,1,Juvenile,2001,17/04/01,215/217,148/148,NA/NA,101/105,105/107,202/208,164/166,209/209,223/241,162/162
128,249,NSN,M45_01,SW2001/83C,M45_01,57.69,-2.83,121,F,2,Juvenile,2001,19/04/01,217/221,142/148,175/175,101/103,109/121,204/204,142/172,209/209,223/235,158/158
129,247,NSN,M47_01,SW2001/85B,M47_01,57.16,-2.08,114,M,1,Juvenile,2001,21/04/01,217/217,146/150,175/179,99/101,107/121,198/202,134/138,201/209,223/229,154/154
130,246,NSN,M48_01,SW2001/85C,M48_01,57.16,-2.08,104,M,0,Juvenile,2001,21/04/01,215/217,150/152,175/175,99/107,107/121,202/206,138/140,209/209,223/232,154/160
131,245,NSN,M49_01,SW2001/85D,M49_01,57.25,-2.04,110,M,0,Juvenile,2001,24/04/01,215/215,144/158,175/175,87/101,119/121,202/204,146/170,209/209,223/223,152/154
132,235,NSN,M59_00,M59/00,M59_00,57.14,-2.07,NA,F,NA,NA,2000,NA,215/215,146/160,175/177,97/97,105/107,206/208,138/156,209/209,223/235,150/154
133,233,NSN,M63_00,SW2000/81A,M63_00,57.67,-3.09,116,M,2,Juvenile,2000,15/04/00,215/217,148/148,173/185,99/105,117/123,198/198,160/170,209/209,223/229,156/158
134,232,NSN,M73_00,SW2000/83A,M73_00,56.77,-2.40,106,F,1,Juvenile,2000,23/04/00,217/217,152/156,175/175,95/99,119/119,202/210,120/138,209/209,220/223,152/158
135,230,NSN,M752_95,SW1995/53B,M752_95,57.69,-2.83,123,M,1,Juvenile,1995,23/04/95,215/217,144/146,175/175,97/105,107/121,204/206,140/150,209/209,223/235,148/160
136,228,NSN,M765_95,SW1995/54A,M765_95,57.69,-2.93,111,M,NA,Juvenile,1995,25/04/95,217/217,146/152,175/181,95/97,103/123,202/204,136/162,209/209,220/238,158/158
137,224,NSN,M83_00,SW2000/87A,M83_00,57.67,-3.00,NA,F,NA,NA,2000,29/04/00,209/215,152/154,NA/NA,97/99,115/121,198/206,136/160,209/209,223/223,152/160
138,220,NSN,M906_93,SW1993/58C,M906_93,57.68,-2.98,121,M,NA,NA,1993,28/04/93,215/217,144/154,175/175,95/95,107/117,202/202,156/156,205/209,217/223,156/156
139,254,NSN,M0678_94,M0678/94,M0678_94,57.67,-3.58,NA,F,NA,NA,1994,NA,215/217,148/148,175/175,95/103,105/117,198/206,148/168,209/209,217/223,156/156
140,151,NSN,M34_01,SW2001/79A,M34_01,57.64,-3.60,109,M,0,Juvenile,2001,08/04/01,213/215,146/154,NA/NA,97/99,107/117,202/206,136/152,209/209,223/223,154/154
141,251,NSN,M40_01,SW2001/81D,M40_01,57.88,-4.01,107,M,1,Juvenile,2001,14/04/01,217/217,146/152,175/175,97/99,105/107,198/206,162/166,209/213,232/235,156/162
142,248,NSN,M46_01,SW2001/83D,M46_01,57.75,-3.92,153,M,6,Adult,2001,20/04/01,215/215,146/146,175/177,103/105,107/119,198/204,142/146,209/209,223/223,158/158
143,231,NSN,M752_93,SW1993/47A,M752_93,58.03,-3.84,102,M,1,Juvenile,1993,08/04/93,215/217,146/146,175/177,97/103,107/119,202/204,138/150,209/209,220/223,160/160
144,218,NSN,M930_93,SW1993/58D,M930_93,57.66,-3.62,121,F,1,Juvenile,1993,30/04/93,215/217,140/148,175/175,97/101,107/119,204/212,138/148,209/209,223/223,152/156
146,222,NSN,M854_98,SW1998/73A,M854_98,58.86,-2.92,152,F,NA,NA,1998,14/04/98,215/215,140/152,177/181,101/105,107/107,198/206,134/150,209/209,229/235,154/154
147,150,NSN,M38_01,SW2001/79C,M38_01,56.65,-2.50,124,M,3,NA,2001,09/04/01,215/217,148/148,175/177,95/99,107/121,198/208,162/170,209/213,223/223,136/152
148,180,NSN,M1028_97,SW1997/77C,M1028_97,57.67,-2.35,126,F,3,NA,1997,09/05/97,215/217,140/158,175/177,101/105,105/121,204/206,NA/NA,209/209,223/238,154/154
149,253,NSN,M1034_90,M1034/90,M1034_90,57.70,-2.83,NA,M,Neonate,NA,1990,NA,215/215,146/150,175/177,NA/NA,107/123,198/204,146/154,209/209,232/235,160/162
150,170,NSN,M1168_98,SW1998/98C,M1168_98,57.68,-2.33,164,F,14,Adult,1998,26/05/98,215/217,140/152,175/175,95/99,107/121,198/202,164/168,209/209,223/229,152/158
151,179,NSN,M1217_97,SW1997/84A,M1217_97,57.69,-2.70,154,M,15,Adult,1997,31/05/97,215/219,152/152,177/181,95/97,105/107,198/210,140/150,209/209,229/229,152/158
152,243,NSN,M536_99,SW1999/105A,M536_99,57.17,-2.09,145,M,11,Adult,1999,21/05/99,215/217,148/152,175/177,95/99,105/105,204/210,150/172,209/209,223/229,152/158
153,238,NSN,M57_01,SW2001/102B,M57_01,57.20,-2.07,151,M,8,Adult,2001,10/05/01,215/215,150/154,175/181,97/105,115/117,198/206,134/166,209/209,226/235,150/152
154,229,NSN,M760_96,SW1996/81A,M760_96,57.72,-3.36,119,M,1,Juvenile,1996,02/05/96,215/215,138/152,177/177,95/95,119/121,198/204,146/164,209/209,223/223,150/150
155,227,NSN,M772_96,SW1996/82C,M772_96,57.71,-3.44,145,M,NA,NA,1996,03/05/96,215/215,148/150,175/183,103/105,117/121,202/204,136/154,209/209,229/235,160/160
156,226,NSN,M788_96,SW1996/84E,M788_96,57.72,-3.32,123,M,2,Juvenile,1996,07/05/96,215/215,150/152,NA/NA,97/97,107/119,202/204,146/176,209/209,223/223,154/160
157,223,NSN,M846_96,SW1996/86B,M846_96,57.67,-3.01,149,M,9,Adult,1996,16/05/96,215/215,148/148,NA/NA,99/107,107/113,198/208,130/138,209/209,223/223,156/158
158,221,NSN,M886_96A,SW1996/92A,M886_96A,57.18,-2.08,NA,M,NA,NA,1996,NA,209/215,144/152,175/177,99/101,107/119,206/206,146/162,209/209,220/229,154/160
159,204,NSN,M1089_93,SW1993/63B,M1089_93,57.75,-3.92,127,M,3,Juvenile,1993,19/05/93,215/217,146/146,177/177,95/101,105/119,202/208,120/176,209/209,223/229,154/160
160,203,NSN,M1190_93,SW1993/64C,M1190_93,58.50,-3.13,76,M,NA,Neonate,1993,31/05/93,215/215,146/146,175/187,97/101,105/115,206/206,146/164,209/209,229/232,154/154
161,240,NSN,M55_01,SW2001/97A,M55_01,57.88,-4.00,103,M,1,Juvenile,2001,04/05/01,215/217,148/150,175/179,99/101,105/119,198/206,136/164,209/209,220/223,154/158
162,205,NSN,M1063_93,SW1993/63A,M1063_93,59.54,-1.60,141,F,NA,NA,1993,16/05/93,215/215,154/154,175/175,97/97,105/119,206/208,144/158,209/213,226/235,158/158
163,234,NSN,M59_01,SW2001/109B,M59_01,56.65,-2.50,110,F,NA,Juvenile,2001,18/05/01,213/215,146/150,175/177,95/101,105/121,202/206,136/154,209/209,223/223,158/162
164,215,NSN,M1232_92,SW1992/128A,M1232_92,56.37,-2.81,148,F,4,NA,1992,08/06/92,213/217,138/146,175/183,95/101,103/107,198/198,146/162,209/209,223/235,154/158
165,225,NSN,M80_01,SW2001/124B,M80_01,56.33,-2.78,79,F,0,Neonate,2001,18/06/01,215/215,146/150,175/175,95/101,115/123,204/206,160/162,209/209,223/235,158/158
166,159,NSN,M082_01,SW2001/127A,M082_01,57.16,-2.08,78,F,0,Neonate,2001,21/06/01,NA/NA,148/148,175/181,97/101,107/121,198/206,144/156,209/209,238/241,152/152
167,187,NSN,M1046_96,SW1996/105A,M1046_96,57.67,-2.54,137,F,8,Adult,1996,23/06/96,NA/NA,150/152,175/187,97/101,105/121,198/206,140/146,209/209,217/235,148/158
168,189,NSN,M1103_95,SW1995/63A,M1103_95,57.27,-2.02,78,M,NA,Neonate,1995,10/06/95,215/217,146/154,175/181,95/95,113/123,198/204,154/164,209/209,229/235,158/158
169,169,NSN,M111_00,SW2000/116C,M111_00,57.16,-2.08,118,M,3,Juvenile,2000,26/06/00,215/217,144/148,NA/NA,93/105,117/121,198/202,148/148,201/209,220/229,154/158
170,167,NSN,M116_00,SW2000/122B,M116_00,57.67,-2.34,77,F,NA,Neonate,2000,30/06/00,215/215,150/150,177/181,99/101,107/117,198/202,150/164,205/209,223/232,152/160
171,195,NSN,M1167_94,SW1994/102B,M1167_94,57.67,-3.00,75,F,NA,Neonate,1994,07/06/94,217/217,148/150,175/177,87/97,105/107,202/204,168/174,209/209,217/223,158/158
172,177,NSN,M1226_98,SW1998/101B,M1226_98,57.68,-1.93,162,F,12,Adult,1998,01/06/98,217/217,148/152,177/181,87/95,105/115,202/206,138/140,209/209,220/235,152/156
173,176,NSN,M1278_98,SW1998/105B,M1278_98,57.70,-2.90,140,F,6,Adult,1998,10/06/98,215/215,148/154,161/175,101/105,105/115,198/198,148/168,209/209,223/223,152/152
174,200,NSN,M1325_93,SW1993/68C,M1325_93,57.68,-2.96,124,M,NA,NA,1993,14/06/93,215/215,148/148,175/181,97/101,115/121,200/202,158/164,209/209,223/232,154/160
175,178,NSN,M1345_97,SW1997/93B,M1345_97,57.17,-2.08,115,M,3,NA,1997,17/06/97,215/217,148/148,175/175,101/105,121/123,204/206,138/152,209/213,220/229,158/164
176,199,NSN,M1346_93,SW1993/68E,M1346_93,57.72,-3.28,120,F,2,Juvenile,1993,14/06/93,215/217,144/148,175/181,97/101,107/119,202/204,140/154,201/209,217/223,154/158
177,212,NSN,M1348_92,SW1992/143A,M1348_92,57.70,-2.90,91,M,NA,Juvenile,1992,20/06/92,213/215,148/150,177/179,97/105,105/121,204/206,134/150,209/209,223/238,152/152
178,242,NSN,M543_99,SW1999/117A,M543_99,57.67,-3.01,81,F,NA,Neonate,1999,12/06/99,213/215,154/162,175/175,99/103,107/121,198/198,120/170,209/209,220/223,156/158
179,168,NSN,M114_00,SW2000/120B,M114_00,57.75,-3.92,82,M,NA,Neonate,2000,28/06/00,213/215,152/152,NA/NA,95/99,105/115,198/202,134/138,209/209,223/223,156/160
180,214,NSN,M1224_92,SW1992/132B,M1224_92,57.68,-3.99,119,F,3,Juvenile,1992,08/06/92,215/215,146/148,175/179,97/99,107/123,198/202,138/164,209/209,226/235,150/152
181,202,NSN,M1227_93,SW1993/66A,M1227_93,57.89,-4.01,141,F,5,Adult,1993,03/06/93,215/215,144/154,175/181,97/99,105/121,202/204,166/178,209/213,223/232,154/158
182,198,NSN,M1369_93,SW1993/69B,M1369_93,58.03,-3.84,124,F,2,Juvenile,1993,18/06/93,215/215,148/154,175/177,101/105,103/119,204/204,156/168,209/209,223/229,156/158
183,241,NSN,M548_99,SW1999/121C,M548_99,58.60,-3.52,76,F,NA,Neonate,1999,23/06/99,215/217,148/156,177/177,97/99,105/107,206/206,152/164,209/209,223/223,156/156
186,213,NSN,M1225_92,SW1992/132C,M1225_92,55.98,-3.30,89,F,NA,Neonate,1992,09/06/92,215/215,146/146,175/181,95/99,121/121,202/206,168/168,209/209,223/226,154/158
187,201,NSN,M1263_93,SW1993/66I,M1263_93,60.49,-1.55,156,F,NA,NA,1993,08/06/93,215/217,156/160,177/177,93/95,119/121,198/202,160/166,209/209,226/232,154/158
188,219,NSN,M91_01,SW2001/140C,M91_01,56.37,-2.81,84,M,0,Neonate,2001,07/07/01,215/219,148/150,175/175,97/103,105/107,198/206,164/174,209/209,223/223,152/154
189,188,NSN,M1220_95,SW1995/82A,M1220_95,57.69,-2.93,132,F,4,NA,1995,03/07/95,215/215,146/164,175/177,87/99,105/107,202/206,142/170,209/209,223/235,158/164
190,174,NSN,M1438_98,SW1998/123C,M1438_98,57.70,-2.90,102,F,NA,Juvenile,1998,02/07/98,213/215,146/150,175/177,95/99,107/123,198/202,138/170,209/213,223/235,158/164
191,211,NSN,M1559_92,SW1992/160B,M1559_92,57.72,-3.39,73,F,NA,Neonate,1992,09/07/92,215/217,148/150,175/177,95/101,105/107,198/206,154/170,209/209,223/223,158/158
192,197,NSN,M1559_93,SW1993/74C,M1559_93,57.68,-2.33,162,M,NA,NA,1993,07/07/93,215/217,146/160,175/179,95/97,105/119,202/210,138/174,209/209,223/235,156/158
193,196,NSN,M1653_93,SW1993/82A,M1653_93,57.71,-2.30,156,F,NA,NA,1993,20/07/93,215/217,148/152,175/177,97/99,109/115,202/204,146/168,209/209,223/223,154/160
194,175,NSN,M1430_98,SW1998/123A,M1430_98,58.60,-3.51,140,M,15,Adult,1998,01/07/98,213/217,146/146,175/179,97/101,107/107,198/198,154/156,209/209,223/229,160/160
195,193,NSN,M1541_94,SW1994/131B,M1541_94,57.57,-4.10,154,F,7,Adult,1994,28/07/94,215/219,146/150,175/175,95/99,107/123,204/208,140/164,209/209,217/223,150/150
200,166,NSN,M132_00,SW2000/136A,M132_00,60.28,-1.15,148,F,11,Adult,2000,19/07/00,215/215,146/154,175/175,95/99,105/119,202/202,156/166,209/209,223/226,152/152
201,239,NSN,M563_99,SW1999/148A,M563_99,56.70,-2.46,133,M,9,Adult,1999,29/07/99,215/215,146/150,175/183,99/99,107/117,202/206,148/166,209/213,229/229,152/160
202,256,NSN,M0580_99A,SW1999/151A,M0580_99A,57.72,-3.28,92,M,NA,Juvenile,1999,14/08/99,215/217,144/146,175/177,107/107,107/107,204/206,134/156,205/209,NA/NA,158/160
203,156,NSN,M113_01,SW2001/183B,M113_01,57.70,-2.86,104,M,0,Juvenile,2001,03/08/01,215/215,156/156,175/175,97/99,105/107,202/202,158/168,209/209,223/229,154/160
204,155,NSN,M120_01,SW2001/190B,M120_01,57.68,-2.98,119,F,1,Juvenile,2001,17/08/01,217/219,148/154,175/175,99/107,115/115,198/204,154/154,209/209,223/235,160/160
205,191,NSN,M1679_95,SW1995/106B,M1679_95,57.70,-3.03,104,M,0,Juvenile,1995,24/08/95,215/215,148/150,175/177,87/109,105/107,198/204,146/166,209/209,217/235,152/160
206,172,NSN,M1751_98,SW1998/155D,M1751_98,57.68,-2.58,86,M,NA,Neonate,1998,13/08/98,215/215,146/154,175/179,101/101,105/107,202/206,158/162,209/209,223/232,152/152
207,209,NSN,M1812_92,SW1992/177A,M1812_92,57.67,-1.97,106,M,NA,Juvenile,1992,11/08/92,215/219,NA/NA,175/175,97/101,119/121,206/206,136/154,209/213,226/229,154/162
208,237,NSN,M575_99,SW1999/150B,M575_99,57.14,-2.07,159,F,8,Adult,1999,10/08/99,215/215,148/148,175/175,97/99,105/107,198/206,144/150,209/209,220/223,150/154
209,236,NSN,M585_99,SW1999/152A,M585_99,57.66,-3.02,96,F,NA,Juvenile,1999,19/08/99,217/219,150/150,NA/NA,99/107,119/121,198/208,134/142,201/209,223/238,158/158
210,210,NSN,M1738_92,SW1992/174B,M1738_92,57.59,-3.87,118,F,0,Juvenile,1992,05/08/92,215/215,146/146,175/177,99/101,107/107,202/204,156/162,209/209,NA/NA,158/158
211,208,NSN,M1814_92,SW1992/178A,M1814_92,57.59,-3.95,120,F,NA,NA,1992,11/08/92,213/217,140/146,175/181,95/95,105/105,202/204,140/166,209/209,223/229,152/154
215,173,NSN,M1747_98,SW1998/155B,M1747_98,58.88,-2.91,90,F,NA,Neonate,1998,07/08/98,215/215,148/154,177/181,89/99,105/105,202/204,148/168,209/209,220/223,150/162
216,183,NSN,M1945_97,SW1997/137C,M1945_97,58.85,-2.86,152,F,7,Adult,1997,26/08/97,219/221,150/154,175/179,95/97,105/105,204/204,136/148,209/209,223/223,154/154
217,154,NSN,M121_01,SW2001/192D,M121_01,56.64,-2.50,140,F,3,NA,2001,19/08/01,215/217,148/148,175/177,95/97,105/109,202/202,156/158,213/213,220/223,154/158
218,153,NSN,M123_01,SW2001/193B,M123_01,56.50,-2.71,147,M,8,Adult,2001,22/08/01,215/215,146/146,NA/NA,95/99,105/119,198/206,138/168,209/209,223/232,154/160
219,164,NSN,M164_00,SW2000/145A,M164_00,56.75,-2.43,140,M,7,Adult,2000,28/08/00,215/215,150/156,177/181,101/103,103/105,198/198,160/164,209/209,223/232,160/160
220,255,NSN,M0580_99B,M0580/99B,M0580_99B,NA,NA,NA,NA,NA,NA,1999,NA,213/215,136/150,175/177,97/97,105/107,194/202,164/164,209/213,220/223,NA/NA
221,152,NSN,M136_01,SW2001/206D,M136_01,57.70,-3.49,137,F,4,NA,2001,15/09/01,213/215,146/148,175/175,95/107,107/117,202/208,150/156,209/209,217/226,156/156
222,186,NSN,M1676_96,SW1996/147A,M1676_96,57.68,-2.74,148,M,12,Adult,1996,13/09/96,215/215,148/150,175/175,97/99,105/123,204/204,136/160,209/209,223/235,144/158
223,190,NSN,M1744_95,SW1995/107C,M1744_95,57.16,-2.08,152,M,NA,NA,1995,04/09/95,213/215,138/142,175/177,99/101,119/121,198/198,158/166,209/209,223/223,160/162
224,171,NSN,M2007_98,SW1998/169A,M2007_98,57.69,-3.49,122,M,NA,NA,1998,14/09/98,215/215,146/150,177/179,97/109,105/121,202/210,134/158,209/209,217/232,158/158
225,182,NSN,M2118_97,SW1997/143A,M2118_97,57.68,-2.33,119,M,0,Juvenile,1997,13/09/97,215/217,150/162,175/177,97/101,117/121,204/210,160/174,209/213,226/235,150/152
226,207,NSN,M2195_92,SW1992/197A,M2195_92,57.67,-2.54,122,F,NA,NA,1992,22/09/92,215/217,NA/NA,175/175,99/101,105/121,202/202,148/198,209/209,217/232,158/158
227,185,NSN,M1764_96,SW1996/150A,M1764_96,57.89,-4.01,106,M,2,Juvenile,1996,22/09/96,209/215,144/148,175/177,97/99,105/105,202/202,142/162,209/209,232/235,160/160
228,192,NSN,M1987_94,SW1994/160A,M1987_94,57.69,-4.01,104,F,NA,Juvenile,1994,21/09/94,215/215,150/152,175/177,95/97,107/119,204/204,138/146,209/209,217/223,152/158
229,181,NSN,M2152_97,SW1997/143B,M2152_97,58.61,-3.67,151,F,10,Adult,1997,13/09/97,215/215,148/158,175/175,97/99,105/115,198/204,138/140,209/209,223/223,158/158
231,252,NSN,M1700_96,M1700/96,M1700_96,59.20,-2.68,NA,NA,NA,NA,1996,NA,NA/NA,144/150,175/179,101/105,105/107,202/210,136/140,209/209,223/223,158/162
232,162,NSN,M168_00,SW2000/148B,M168_00,56.66,-2.50,146,M,14,Adult,2000,05/09/00,213/215,148/152,177/179,99/105,105/107,198/206,136/158,201/209,223/223,152/160
233,112,NSN,M2294_94,SW1994/165B,M2294_94,56.83,-2.27,142,M,7,Adult,1994,28/10/94,217/217,150/152,175/181,97/107,119/119,206/208,142/160,209/209,217/223,152/156
234,117,NSN,M2337_92,SW1992/201B,M2337_92,57.73,-3.33,107,M,0,Juvenile,1992,07/10/92,213/215,150/152,175/175,95/99,105/117,206/210,136/140,209/209,223/223,154/156
235,144,NSN,M2472_97,SW1997/161A,M2472_97,57.18,-2.08,137,M,12,Adult,1997,23/10/97,209/215,142/162,175/181,97/99,107/119,206/208,126/158,209/209,220/223,154/154
236,124,NSN,M615_99,SW1999/185B,M615_99,57.71,-3.46,135,M,7,Adult,1999,08/10/99,215/217,148/148,175/175,95/99,107/107,204/208,134/168,209/209,223/235,154/154
237,114,NSN,M2380_93,SW1993/121E,M2380_93,57.89,-4.01,142,M,NA,NA,1993,12/10/93,215/217,NA/NA,175/177,95/99,105/121,198/206,132/146,209/209,223/223,156/156
238,113,NSN,M2381_93,SW1993/121F,M2381_93,57.59,-3.87,137,M,NA,NA,1993,12/10/93,209/215,156/158,175/179,97/99,105/115,198/206,158/164,209/213,223/223,150/154
242,104,NSN,M2137_96,SW1996/165B,M2137_96,57.66,-3.03,118,F,4,NA,1996,07/11/96,215/217,146/148,175/185,95/95,107/121,202/208,166/176,209/209,217/226,154/156
243,89,NSN,M216_00,SW2000/202A,M216_00,56.97,-2.20,144,M,NA,NA,2000,27/11/00,213/217,146/152,175/181,95/97,105/123,198/204,146/156,209/213,217/223,160/162
244,103,NSN,M2199_96,SW1996/169A,M2199_96,57.66,-3.57,132,M,6,Adult,1996,17/11/96,215/217,144/146,175/177,99/105,107/117,198/202,136/154,209/209,220/223,156/160
245,88,NSN,M147_01,SW2001/245C,M147_01,57.91,-3.99,154,M,11,Adult,2001,01/11/01,215/217,150/164,175/177,101/101,105/109,198/206,144/162,205/209,223/223,154/154
246,122,NSN,M638_99,SW1999/196A,M638_99,58.60,-3.36,147,F,4,NA,1999,12/11/99,217/217,146/156,175/177,95/97,105/121,200/208,134/144,209/209,223/223,150/156
248,107,NSN,M2335_95,SW1995/131A,M2335_95,58.80,-3.17,152,M,16,Adult,1995,17/11/95,215/219,138/150,175/177,107/109,115/119,204/206,140/162,209/209,223/223,158/158
249,115,NSN,M2651_92,SW1992/210A,M2651_92,60.21,-1.37,151,M,NA,NA,1992,17/11/92,209/215,150/156,177/177,93/103,105/115,208/208,166/166,209/209,220/223,154/154
250,116,NSN,M2547_92,SW1992/208A,M2547_92,56.62,-2.48,124,M,4,NA,1992,03/11/92,215/217,144/156,175/177,99/101,119/121,204/208,134/150,205/209,223/223,154/156
251,102,NSN,M2445_96,SW1996/175D,M2445_96,56.01,-3.39,144,M,9,Adult,1996,19/12/96,215/217,152/154,175/177,95/99,115/121,200/204,138/150,209/213,223/235,154/156
252,111,NSN,M2545_94,SW1994/174A,M2545_94,56.35,-2.81,121,F,0,Juvenile,1994,01/12/94,215/217,144/150,177/181,101/109,115/121,204/206,138/138,209/209,220/223,154/158
253,98,NSN,M2793_97,SW1997/178C,M2793_97,56.24,-2.67,116,M,4,NA,1997,06/12/97,217/217,148/158,175/175,97/99,105/107,202/206,134/140,209/209,223/223,160/160
254,105,NSN,M2516_95,SW1995/141A,M2516_95,57.21,-2.06,153,M,8,Adult,1995,18/12/95,215/217,146/152,175/177,97/99,105/105,202/204,138/146,209/209,223/223,156/160
255,106,NSN,M2461_95,SW1995/140A,M2461_95,58.02,-3.84,131,F,2,Juvenile,1995,06/12/95,215/215,146/148,177/177,97/99,105/121,198/206,138/168,209/209,223/223,136/158
256,86,NSN,M174_01,SW2001/269A,M174_01,56.66,-2.50,143,M,7,Adult,2001,09/12/01,209/219,144/144,175/183,97/99,117/123,208/210,NA/NA,209/209,223/235,158/158
257,257,NSN,M886_96B,SW1996/92B,M886_96B,57.20,-2.06,114,M,NA,Juvenile,1996,23/05/96,215/217,150/154,175/177,97/99,105/107,202/204,144/146,209/209,223/244,148/158
90,108,NSS,SW1994_7,SW1994/7,SW1994_7,53.57,0.10,151,M,10,Adult,1994,23/01/94,215/215,154/154,175/175,97/103,117/117,204/204,136/158,205/209,223/229,152/154
91,95,NSS,SW1999_17,SW1999/17,SW1999_17,54.09,-0.20,101,F,0,Juvenile,1999,28/01/99,215/215,150/158,175/175,103/103,105/121,206/206,166/176,209/209,223/235,150/156
100,118,NSS,SW1991_23B,SW1991/23B,SW1991_23B,54.08,-0.20,103,M,0,Juvenile,1991,18/02/91,215/217,150/150,175/183,101/101,115/119,198/204,136/138,209/209,226/229,158/160
115,97,NSS,SW1998_53,SW1998/53,SW1998_53,54.08,-0.13,117,M,0,Juvenile,1998,19/03/98,213/213,142/150,175/175,99/105,107/121,198/204,168/174,209/209,217/238,154/158
145,206,NSS,SW1993_59,SW1993/59,SW1993_59,53.91,-0.16,126,M,2,Juvenile,1993,29/04/93,213/219,146/146,175/175,99/105,105/107,204/204,154/158,209/209,223/232,156/160
184,216,NSS,SW1992_124,SW1992/124,SW1992_124,53.72,0.03,81,M,0,Neonate,1992,01/06/92,NA/NA,148/154,175/175,95/111,115/117,202/202,140/160,209/209,223/235,156/156
185,160,NSS,SW2001_127,SW2001/127,SW2001_127,54.08,-0.13,136,M,4,Adult,2001,21/06/01,217/217,148/158,175/175,99/99,105/107,202/210,154/172,209/209,223/232,148/156
196,194,NSS,SW1994_122,SW1994/122,SW1994_122,53.91,-0.17,148,F,8,Adult,1994,14/07/94,215/215,150/150,175/175,97/103,105/119,198/198,164/164,209/209,223/235,146/156
197,184,NSS,SW1997_111,SW1997/111,SW1997_111,53.99,-0.10,126,F,1,Juvenile,1997,10/07/97,217/217,146/146,175/177,89/97,105/107,206/206,134/162,209/209,223/223,158/158
198,158,NSS,SW2001_139,SW2001/139,SW2001_139,54.08,-0.13,140,M,10,Adult,2001,04/07/01,217/217,150/154,175/175,NA/NA,107/107,198/204,138/166,209/209,NA/NA,150/154
199,157,NSS,SW2001_149,SW2001/149,SW2001_149,54.08,-0.13,138,F,8,Adult,2001,12/07/01,215/215,146/154,175/175,101/103,105/115,NA/NA,164/164,209/209,223/223,160/160
212,217,NSS,SW1991_104,SW1991/104,SW1991_104,53.91,-0.17,142,M,12,Adult,1991,29/08/91,209/217,146/150,177/177,99/103,105/123,202/202,148/168,209/209,223/223,144/158
213,165,NSS,SW2000_140,SW2000/140,SW2-9_140,54.08,-0.13,140,M,3,Adult,2000,09/08/00,213/215,146/152,175/177,101/103,101/107,204/208,148/164,209/209,217/235,152/158
214,163,NSS,SW2000_146_2,SW2000/146(2),SW2-9_146_2,54.08,-0.13,139,M,5,Adult,2000,29/08/00,215/215,146/152,175/175,101/107,117/123,202/206,164/164,209/209,223/235,160/160
230,161,NSS,SW2000_150A,SW2000/150A,SW2-9_150A,54.08,-0.13,125,M,4,Adult,2000,08/09/00,213/215,146/148,177/187,99/103,107/121,198/208,134/174,209/209,223/223,154/158
239,93,NSS,SW2000_168,SW2000/168,SW2-9_168,54.08,-0.13,135,M,4,Adult,2000,19/10/00,213/215,148/152,175/185,95/111,105/123,202/204,172/176,209/209,223/232,148/158
240,92,NSS,SW2000_169,SW2000/169,SW2-9_169,54.08,-0.13,132,F,3,Juvenile,2000,21/10/00,215/215,150/156,175/175,97/107,105/121,202/208,138/164,209/209,223/229,154/154
241,91,NSS,SW2000_170,SW2000/170,SW2-9_170,54.08,-0.13,152,F,NA,Adult,2000,21/10/00,213/217,148/148,175/175,NA/NA,105/107,204/208,154/176,209/209,223/229,148/158
247,90,NSS,SW2000_188A,SW2000/188A,SW2-9_188A,54.08,-0.13,109,M,1,Juvenile,2000,05/11/00,215/217,150/154,175/175,97/103,107/119,202/204,178/176,209/209,223/229,154/158
258,258,NSS,SW2001_23,SW2001/23,SW2001_23,51.79,1.00,152,M,10,Adult,2001,26/01/01,215/215,144/146,175/177,89/103,105/105,206/210,140/150,209/209,220/238,150/158
259,303,NSS,SW1992_6,SW1992.6,SW1992_6,53.30,0.28,135,F,2,Juvenile,1992,15/01/92,215/215,130/148,175/181,95/97,107/111,198/208,142/174,209/209,226/229,NA/NA
260,288,NSS,SW1996_29,SW1996/29,SW1996_29,53.14,0.33,126,M,1,Juvenile,1996,25/01/96,215/215,150/150,175/175,95/97,NA/NA,204/206,146/158,209/209,223/223,162/162
261,267,NSS,SW1998_4,SW1998/4,SW1998_4,53.34,0.25,100,F,0,Juvenile,1998,08/01/98,215/217,146/158,175/175,99/99,105/123,198/204,148/164,209/209,220/223,158/158
262,277,NSS,SW1997_1,SW1997/1,SW1997_1,52.60,1.72,132,M,6,Adult,1997,06/01/97,215/217,140/146,181/183,97/97,107/119,202/202,140/164,209/209,223/226,152/154
263,270,NSS,SW1997_8,SW1997/8,SW1997_8,52.69,1.68,131,F,NA,Juvenile,1997,12/01/97,217/219,144/152,175/183,99/101,107/115,204/210,146/172,209/209,232/235,158/158
264,289,NSS,SW1996_2,SW1996/2,SW1996_2,54.42,-0.54,140,M,5,Adult,1996,03/01/96,215/217,156/156,161/177,95/95,105/107,202/206,144/148,209/209,223/223,160/160
265,272,NSS,SW1997_34,SW1997/34,SW1997_34,54.28,-0.42,113,F,NA,Juvenile,1997,28/01/97,215/215,146/146,177/181,97/105,107/107,204/206,138/156,209/209,223/232,160/160
266,300,NSS,SW1993_12,SW1993/12,SW1993_12,55.14,-1.51,144,M,NA,Adult,1993,27/01/93,215/215,146/148,175/177,NA/NA,105/115,202/206,146/150,209/209,223/223,152/158
267,287,NSS,SW1996_30,SW1996/30,SW1996_30,55.12,-1.53,117,M,2,Juvenile,1996,26/01/96,215/215,146/152,175/177,99/107,105/107,202/208,138/156,209/209,223/229,150/160
268,266,NSS,SW1999_10,SW1999/10,SW1999_10,55.26,-1.56,148,F,NA,Adult,1999,17/01/99,215/219,146/154,175/183,97/101,103/105,202/206,142/176,205/209,223/223,152/158
269,271,NSS,SW1997_4,SW1997/4,SW1997_4,55.04,-1.45,107,M,1,Juvenile,1997,08/01/97,215/215,150/150,175/185,87/99,105/121,198/206,156/164,209/209,220/223,154/162
270,311,NSS,SW1991_19A,SW1991/19A,SW1991_19A,54.58,-0.92,150,M,5,Adult,1991,12/02/91,215/215,150/158,175/177,87/95,105/121,198/206,136/138,209/209,214/223,154/160
271,308,NSS,SW1991_23A,SW1991/23A,SW1991_23A,54.08,-0.13,NA,M,Juvenile,NA,1991,NA,215/217,150/154,175/181,97/99,105/121,206/208,140/160,209/209,223/229,154/156
272,265,NSS,SW1999_33,SW1999/33,SW1999_33,53.09,0.31,167,F,7,Adult,1999,22/02/99,209/213,150/160,175/175,99/101,105/105,202/206,156/160,209/209,223/232,158/158
273,284,NSS,SW1996_45,SW1996/45,SW1996_45,54.50,-0.67,147,M,8,Adult,1996,21/02/96,NA/NA,148/154,181/181,95/105,107/115,202/206,152/170,209/209,NA/NA,158/158
274,294,NSS,SW1994_20A,SW1994/20A,SW1994_20A,55.12,-1.53,132,F,2,Juvenile,1994,18/02/94,215/215,146/146,175/175,97/103,115/121,198/204,142/162,209/209,220/229,158/160
275,260,NSS,SW2000_33,SW2000/33,SW2-9_33,55.12,-1.53,109,F,1,Juvenile,2000,29/02/00,215/215,152/144,175/181,101/101,107/117,198/198,134/156,209/209,223/241,158/158
276,310,NSS,SW1991_20,SW1991/20,SW1991_20,52.33,1.67,132,F,1,Juvenile,1991,07/02/91,213/217,NA/NA,175/175,95/99,107/121,202/206,134/162,209/209,214/232,152/158
277,286,NSS,SW1996_37,SW1996/37,SW1996_37,52.41,1.70,137,M,9,Adult,1996,07/02/96,217/219,146/150,175/177,97/101,107/107,198/210,160/170,209/209,223/235,152/156
278,309,NSS,SW1991_22,SW1991/22,SW1991_22,54.98,-1.38,152,M,11,Adult,1991,14/02/91,215/217,NA/NA,175/179,99/101,119/121,198/202,136/140,209/209,223/238,160/160
279,285,NSS,SW1996_44,SW1996/44,SW1996_44,54.92,-1.38,105,M,1,Juvenile,1996,19/02/96,215/217,146/150,175/175,95/105,105/107,202/204,158/164,209/209,226/226,152/154
280,263,NSS,SW1999_40,SW1999/40,SW1999_40,51.50,-0.14,143,F,4,Adult,1999,04/03/99,215/221,140/150,177/177,99/99,105/121,202/208,166/174,209/209,226/229,152/158
281,259,NSS,SW2000_50,SW2000/50,SW2-9_50,51.48,-0.17,148,F,6,Adult,2000,14/03/00,215/215,150/150,175/181,95/105,105/107,198/202,138/162,209/209,220/223,158/158
282,307,NSS,SW1991_29,SW1991/29,SW1991_29,54.08,-0.20,110,F,0,Juvenile,1991,11/03/91,215/217,142/148,175/177,97/101,105/105,198/204,142/142,209/213,226/232,152/152
283,262,NSS,SW1999_44,SW1999/44,SW1999_44,53.56,-0.08,98,F,0,Juvenile,1999,07/03/99,215/215,148/148,175/175,95/95,105/105,198/202,160/168,209/209,223/223,152/152
284,301,NSS,SW1992_46,SW1992/46,SW1992_46,52.96,0.53,122,M,5,Adult,1992,04/03/92,215/215,132/152,175/177,99/107,109/119,202/204,148/162,209/209,223/223,154/166
285,264,NSS,SW1999_39,SW1999/39,SW1999_39,52.78,1.60,104,F,0,Juvenile,1999,03/03/99,215/215,150/150,175/187,97/97,105/107,204/206,138/152,209/209,223/235,156/160
286,279,NSS,SW1996_66,SW1996/66,SW1996_66,54.50,-0.67,149,M,7,Adult,1996,27/03/96,215/219,142/152,177/185,97/97,117/119,198/202,138/168,209/209,229/235,158/158
287,305,NSS,SW1991_30A,SW1991/30A,SW1991_30A,55.33,-1.57,NA,M,Juvenile,NA,1991,NA,215/215,152/156,175/177,97/103,105/105,204/206,136/140,209/209,223/241,158/158
288,306,NSS,SW1991_30,SW1991/30,SW1991_30,55.35,-1.62,94,M,1,Juvenile,1991,09/03/91,213/215,146/156,175/175,99/107,105/107,202/206,136/152,209/213,235/241,158/164
289,283,NSS,SW1996_52,SW1996/52,SW1996_52,55.32,-1.58,94,M,0,Juvenile,1996,15/03/96,NA/NA,152/156,175/175,101/109,105/107,198/198,168/168,209/209,223/235,152/158
290,297,NSS,SW1993_31,SW1993/31,SW1993_31,52.25,1.63,142,M,NA,Adult,1993,04/03/93,215/215,148/148,175/175,95/99,105/117,198/206,136/150,209/209,220/238,NA/NA
291,280,NSS,SW1996_64B,SW1996/64B,SW1996_64B,52.27,1.62,118,F,1,Juvenile,1996,23/03/96,215/217,134/156,175/177,95/101,107/121,204/208,138/138,209/209,235/244,NA/NA
292,261,NSS,SW1999_48,SW1999/48,SW1999_48,52.20,1.67,115,F,0,Juvenile,1999,12/03/99,209/215,146/162,175/175,97/99,115/117,198/202,134/138,209/213,223/229,152/158
293,304,NSS,SW1991_35,SW1991/35,SW1991_35,54.99,-1.44,100,M,0,Juvenile,1991,27/03/91,215/215,148/158,177/177,99/101,107/109,198/202,142/168,209/209,232/235,152/160
294,298,NSS,SW1993_30,SW1993/30,SW1993_30,54.90,-1.36,119,M,1,Juvenile,1993,04/03/93,215/219,142/148,175/177,97/101,105/107,206/206,150/160,209/209,217/235,NA/NA
295,282,NSS,SW1996_61,SW1996/61,SW1996_61,55.02,-1.42,137,M,7,Adult,1996,21/03/96,215/215,140/150,177/177,95/99,103/117,198/198,160/162,209/209,223/235,152/154
296,278,NSS,SW1996_67,SW1996/67,SW1996_67,54.99,-1.44,120,M,1,Juvenile,1996,27/03/96,NA/NA,150/150,175/177,97/97,105/105,204/206,126/146,209/209,223/232,152/158
297,355,NSS,SW1996_79,SW1996/79,SW1996_79,51.79,1.00,146,F,4,Adult,1996,26/04/96,215/215,152/158,175/177,97/99,117/119,198/206,156/164,201/209,223/241,158/158
298,317,NSS,SW2001_92,SW2001/92,SW2001_92,51.84,1.26,117,F,1,Juvenile,2001,30/04/01,215/215,146/154,175/177,101/101,107/113,198/208,156/174,213/213,226/229,156/158
299,356,NSS,SW1996_74,SW1996/74,SW1996_74,51.50,-0.06,107,M,1,Juvenile,1996,14/04/96,209/215,154/158,175/177,95/97,105/121,202/204,162/172,209/209,217/223,136/158
300,378,NSS,SW1992_103,SW1992/103,SW1992_103,53.57,0.10,158,F,5,Adult,1992,13/04/92,NA/NA,144/144,175/181,95/97,105/119,202/202,156/168,209/209,217/223,154/154
301,377,NSS,SW1992_103_2,SW1992/103(2),SW1992_103_2,53.57,0.10,120,F,1,Juvenile,1992,13/04/92,NA/NA,146/150,175/183,105/109,105/107,198/198,138/140,209/209,223/235,156/158
302,373,NSS,SW1994_67,SW1994/67,SW1994_67,54.09,-0.20,117,M,1,Juvenile,1994,28/04/94,215/215,148/148,175/175,101/101,105/107,198/202,162/164,209/209,226/235,156/156
303,327,NSS,SW1999_71,SW1999/71,SW1999_71,53.71,-0.52,98,F,0,Juvenile,1999,05/04/99,215/215,146/146,175/177,97/105,107/123,202/204,138/170,209/209,223/223,152/160
304,384,NSS,SW1991_48,SW1991/48,SW1991_48,53.33,0.25,120,F,1,Juvenile,1991,25/04/91,209/215,148/152,175/175,87/99,105/105,206/206,152/154,209/209,223/235,156/158
305,347,NSS,SW1997_74,SW1997/74,SW1997_74,53.14,0.33,152,F,NA,Adult,1997,24/04/97,215/215,146/154,175/177,97/99,105/105,206/212,152/162,209/209,223/235,158/158
306,326,NSS,SW1999_74,SW1999/74,SW1999_74,53.37,0.21,118,F,1,Juvenile,1999,10/04/99,215/215,146/152,175/175,101/101,119/119,202/204,154/156,209/209,220/223,152/160
307,321,NSS,SW2000_81,SW2000/81,SW2-9_81,52.78,1.60,150,F,8,Adult,2000,12/04/00,215/217,150/158,175/163,97/101,105/113,198/202,158/162,209/209,223/232,150/160
308,318,NSS,SW2001_88,SW2001/88,SW2001_88,52.71,1.71,112,F,1,Juvenile,2001,27/04/01,215/217,132/146,177/183,NA/NA,115/117,202/206,136/174,209/209,232/238,158/162
309,385,NSS,SW1991_43,SW1991/43,SW1991_43,54.20,-0.30,148,F,9,Adult,1991,20/04/91,213/215,146/152,177/177,95/103,107/121,198/202,148/150,209/209,223/223,162/162
310,348,NSS,SW1997_72,SW1997/72,SW1997_72,54.32,-0.42,110,F,0,Juvenile,1997,18/04/97,215/221,140/154,175/177,95/107,105/107,204/206,138/148,209/209,223/229,162/162
311,333,NSS,SW1998_71,SW1998/71,SW1998_71,54.28,-0.43,138,M,2,Adult,1998,09/04/98,215/215,148/148,175/181,99/103,105/121,198/202,136/136,209/209,223/223,160/162
312,332,NSS,SW1998_75,SW1998/75,SW1998_75,54.28,-0.43,114,F,0,Juvenile,1998,20/04/98,215/215,140/146,175/177,99/101,105/107,198/202,142/154,209/209,223/223,158/158
313,331,NSS,SW1998_76,SW1998/76,SW1998_76,54.28,-0.43,141,M,6,Adult,1998,22/04/98,215/219,148/148,175/175,95/107,115/121,204/204,166/166,209/209,223/223,150/150
314,370,NSS,SW1995_52,SW1995/52,SW1995_52,55.08,-1.48,123,M,3,Juvenile,1995,20/04/95,215/217,146/146,175/175,97/97,NA/NA,202/206,140/174,209/209,223/235,150/156
315,325,NSS,SW1999_77,SW1999/77,SW1999_77,52.27,1.63,122,M,2,Juvenile,1999,13/04/99,213/215,150/158,177/183,99/101,105/105,198/198,120/146,209/209,223/223,156/156
316,322,NSS,SW2000_73,SW2000/73,SW2-9_73,52.20,1.67,152,F,8,Adult,2000,04/04/00,215/217,148/150,175/181,95/99,107/121,204/204,136/160,209/213,223/229,150/154
317,369,NSS,SW1995_55,SW1995/55,SW1995_55,54.65,-1.18,153,M,8,Adult,1995,01/05/95,217/217,148/148,175/175,97/101,119/119,204/206,142/164,209/209,223/235,152/156
318,354,NSS,SW1996_87,SW1996/87,SW1996_87,54.62,-1.20,102,M,1,Juvenile,1996,19/05/96,213/217,148/154,175/175,101/101,107/107,202/204,138/160,209/209,223/235,136/162
319,372,NSS,SW1994_72,SW1994/72,SW1994_72,53.19,0.33,97,M,2,Juvenile,1994,03/05/94,215/215,154/154,175/175,97/103,117/117,204/204,136/158,205/209,223/229,152/154
320,344,NSS,SW1997_84,SW1997/84,SW1997_84,53.22,0.32,131,M,8,Adult,1997,31/05/97,215/215,140/148,175/177,101/105,107/107,204/204,140/160,209/209,223/223,NA/NA
321,340,NSS,SW1998_101,SW1998/101,SW1998_101,53.26,0.31,140,M,16,Adult,1998,31/05/98,215/219,146/148,175/175,95/99,105/107,202/206,136/152,209/209,220/229,144/154
322,330,NSS,SW1998_84,SW1998/84,SW1998_84,52.93,0.48,141,M,4,Adult,1998,01/05/98,215/217,142/154,175/175,97/103,105/123,204/206,140/166,209/209,223/235,156/158
323,346,NSS,SW1997_80,SW1997/80,SW1997_80,54.52,-0.13,123,F,1,Juvenile,1997,14/05/97,215/217,146/160,161/177,95/99,119/119,198/206,140/166,209/209,217/223,160/160
324,345,NSS,SW1997_81,SW1997/81,SW1997_81,54.52,-0.13,129,F,2,Juvenile,1997,14/05/97,215/215,152/156,177/181,101/101,117/127,204/204,150/168,209/209,217/223,152/152
325,353,NSS,SW1996_92,SW1996/92,SW1996_92,55.12,-1.53,77,M,0,Neonate,1996,22/05/96,215/217,150/156,175/175,95/99,107/121,NA/NA,158/162,209/209,223/223,162/162
326,324,NSS,SW2000_121,SW2000/121,SW2-9_121,51.53,0.75,112,F,NA,Juvenile,2000,29/06/00,215/217,152/144,175/181,99/105,117/117,206/210,150/172,209/209,NA/NA,154/158
327,382,NSS,SW1991_63,SW1991/63,SW1991_63,53.14,0.33,76,F,0,Neonate,1991,12/06/91,215/215,144/150,175/175,97/99,105/107,202/204,140/164,209/209,223/223,150/160
328,374,NSS,SW1993_67A,SW1993/67A,SW1993_67A,53.14,0.33,74,F,0,Neonate,1993,13/06/93,215/215,144/154,175/175,97/107,107/107,198/202,136/140,209/209,223/229,156/158
329,368,NSS,SW1995_61,SW1995/61,SW1995_61,53.34,0.25,148,F,7,Adult,1995,08/06/95,215/215,148/150,175/183,97/111,107/115,206/206,144/158,209/209,229/235,142/154
330,343,NSS,SW1997_85,SW1997/85,SW1997_85,53.30,0.28,75,F,0,Neonate,1997,03/06/97,209/215,146/154,175/175,NA/NA,117/119,198/202,134/140,209/209,217/223,156/160
331,338,NSS,SW1998_115,SW1998/115,SW1998_115,53.34,0.25,146,M,15,Adult,1998,28/06/98,213/215,150/154,175/177,97/105,119/123,208/208,144/174,209/209,223/223,148/150
332,383,NSS,SW1991_59,SW1991/59,SW1991_59,52.57,1.72,82,F,0,Neonate,1991,07/06/91,215/215,148/156,175/183,99/99,107/121,204/210,138/150,209/209,220/223,152/152
333,381,NSS,SW1991_64,SW1991/64,SW1991_64,52.96,0.60,72,M,0,Neonate,1991,12/06/91,215/215,150/158,175/175,97/101,107/113,200/204,138/158,209/209,220/235,162/162
334,380,NSS,SW1991_73,SW1991/73,SW1991_73,52.94,0.48,88,M,0,Neonate,1991,26/06/91,215/215,148/152,161/183,95/107,105/105,204/206,160/166,209/209,217/223,154/160
335,341,NSS,SW1997_89,SW1997/89,SW1997_89,52.60,1.72,90,M,0,Neonate,1997,06/06/97,215/217,146/146,175/187,97/99,105/119,202/204,162/168,209/209,217/220,148/150
336,339,NSS,SW1998_109,SW1998/109,SW1998_109,55.12,-1.53,82,F,0,Neonate,1998,19/06/98,215/217,154/154,175/177,95/105,105/117,198/202,138/158,209/209,223/226,152/158
337,342,NSS,SW1997_87,SW1997/87,SW1997_87,55.01,-1.45,111,M,2,Juvenile,1997,02/06/97,215/215,146/154,175/185,97/97,107/107,198/198,162/166,209/209,NA/NA,154/158
338,362,NSS,SW1996_106,SW1996/106,SW1996_106,55.09,-1.43,147,M,4,Adult,1996,24/06/96,215/215,146/152,175/175,97/103,107/119,206/210,166/174,209/213,226/235,150/152
339,329,NSS,SW1999_148,SW1999/148,SW1999_148,51.93,1.26,87,M,0,Neonate,1999,29/07/99,215/215,146/148,175/177,99/101,105/107,204/204,152/168,209/209,217/229,150/154
340,361,NSS,SW1996_120,SW1996/120,SW1996_120,54.00,-0.22,133,F,1,Juvenile,1996,16/07/96,215/215,146/148,175/175,99/103,105/107,200/208,120/158,209/209,223/235,154/158
341,320,NSS,SW2001_158,SW2001/158,SW2001_158,51.28,1.40,119,F,1,Juvenile,2001,17/07/01,215/217,144/146,175/175,103/105,105/119,202/202,156/162,209/209,223/223,NA/NA
342,367,NSS,SW1995_75,SW1995/75,SW1995_75,52.57,1.72,105,M,1,Juvenile,1995,01/07/95,215/219,148/152,175/183,95/101,105/107,202/202,162/164,209/209,223/223,158/162
343,366,NSS,SW1995_76,SW1995/76,SW1995_76,52.68,1.70,80,M,0,Neonate,1995,01/07/95,215/217,130/146,175/177,97/105,105/109,198/206,138/168,209/209,223/235,148/150
344,364,NSS,SW1995_85,SW1995/85,SW1995_85,52.57,1.72,86,F,0,Neonate,1995,05/07/95,215/217,152/156,175/175,97/105,NA/NA,198/204,160/164,209/213,223/232,160/160
345,352,NSS,SW1997_102,SW1997/102,SW1997_102,52.93,0.48,84,F,0,Neonate,1997,03/07/97,215/215,148/150,175/175,97/99,115/119,202/204,138/176,209/213,223/232,154/162
346,336,NSS,SW1998_129,SW1998/129,SW1998_129,52.78,1.59,154,F,NA,Adult,1998,07/07/98,215/215,148/148,175/175,87/99,107/121,204/208,142/172,209/209,223/235,156/156
347,334,NSS,SW1998_139,SW1998/139,SW1998_139,52.88,0.50,84,M,0,Neonate,1998,23/07/98,215/217,148/156,175/175,97/105,107/119,206/208,136/164,209/209,226/244,154/158
348,365,NSS,SW1995_78,SW1995/78,SW1995_78,54.21,-0.27,111,M,4,Juvenile,1995,02/07/95,215/215,144/144,175/177,99/99,107/119,202/210,144/150,209/209,223/232,158/160
349,360,NSS,SW1996_126,SW1996/126,SW1996_126,54.48,-0.63,100,F,0,Juvenile,1996,25/07/96,215/215,146/154,175/175,99/109,105/105,206/206,138/170,209/209,223/235,152/152
350,375,NSS,SW1992_159,SW1992/159,SW1992_159,55.61,-1.71,159,F,22,Adult,1992,04/07/92,209/215,148/148,175/177,97/99,107/123,198/202,138/162,209/209,223/223,148/158
351,376,NSS,SW1992_156,SW1992/156,SW1992_156,52.19,1.61,89,M,0,Neonate,1992,02/07/92,209/215,146/146,175/175,99/101,105/105,202/202,134/168,209/209,217/238,136/150
352,337,NSS,SW1998_127,SW1998/127,SW1998_127,52.51,1.74,82,M,0,Neonate,1998,04/07/98,215/215,150/150,175/181,95/101,105/107,198/202,130/140,209/209,217/223,160/160
353,363,NSS,SW1995_94,SW1995/94,SW1995_94,55.04,-1.45,112,F,1,Juvenile,1995,31/07/95,215/217,144/156,175/177,103/109,105/105,210/210,160/198,209/209,223/226,136/164
354,359,NSS,SW1996_139,SW1996/139,SW1996_139,54.61,-1.06,132,F,4,Juvenile,1996,27/08/96,215/215,150/156,177/179,103/107,105/123,206/210,136/166,209/209,223/223,162/162
355,371,NSS,SW1995_102,SW1995/102,SW1995_102,53.10,0.31,90,F,0,Neonate,1995,11/08/95,215/221,134/148,175/175,97/99,107/129,198/206,152/168,209/209,223/223,158/162
356,328,NSS,SW1999_150,SW1999/150,SW1999_150,54.28,-0.42,88,F,0,Neonate,1999,10/08/99,215/215,150/150,175/179,101/103,93/121,204/206,162/162,209/209,229/229,158/158
357,323,NSS,SW2000_148_1,SW2000/148(1),SW2-9_148_1,54.22,-0.27,141,M,NA,Adult,2000,30/08/00,213/219,150/150,175/181,99/99,107/121,202/206,146/168,209/213,223/223,150/152
358,379,NSS,SW1991_96,SW1991/96,SW1991_96,52.48,1.74,87,M,0,Neonate,1991,01/08/91,215/217,148/150,175/177,97/101,107/113,202/204,136/168,209/213,223/229,162/164
359,387,NSS,SW1991_116,SW1991/116,SW1991_116,51.78,1.14,152,F,5,Adult,1991,16/09/91,215/217,148/158,175/177,99/111,113/121,202/204,160/164,209/209,223/232,136/150
360,386,NSS,SW1991_117A,SW1991/117A,SW1991_117A,51.82,1.19,97,M,0,Juvenile,1991,16/09/91,215/215,148/150,175/175,95/99,105/107,204/206,134/142,209/209,220/223,160/160
361,358,NSS,SW1996_149,SW1996/149,SW1996_149,54.13,-0.11,155,F,5,Adult,1996,19/09/96,217/217,150/150,175/177,95/99,107/119,198/204,148/164,205/209,223/235,162/162
362,357,NSS,SW1996_150,SW1996/150,SW1996_150,52.94,1.20,124,F,2,Juvenile,1996,24/09/96,215/215,140/150,161/175,95/97,105/107,204/206,140/152,209/209,217/235,152/154
363,319,NSS,SW2001_205,SW2001/205,SW2001_205,52.69,1.68,136,M,10,Adult,2001,07/09/01,215/215,146/154,175/175,87/97,121/121,198/202,164/168,NA/NA,217/229,NA/NA
364,389,NSS,SW1991_109,SW1991/109,SW1991_109,54.18,-0.25,114,F,1,Juvenile,1991,06/09/91,209/215,152/158,181/181,97/109,NA/NA,198/202,136/150,209/209,217/229,146/164
365,388,NSS,SW1991_111,SW1991/111,SW1991_111,54.43,-0.54,134,F,1,Juvenile,1991,05/09/91,215/215,148/154,175/175,95/99,105/107,206/208,136/166,209/209,223/232,152/152
366,351,NSS,SW1997_141,SW1997/141,SW1997_141,54.57,-0.48,128,M,2,Juvenile,1997,10/09/97,215/217,154/154,175/179,97/99,109/121,198/198,136/154,209/209,223/238,158/160
367,350,NSS,SW1997_142,SW1997/142,SW1997_142,54.50,-0.48,143,M,4,Adult,1997,10/09/97,215/215,146/146,175/177,99/101,119/121,198/204,140/172,209/209,220/229,154/162
368,349,NSS,SW1997_142B,SW1997/142B,SW1997_142B,54.63,-0.47,132,F,5,Juvenile,1997,11/09/97,213/217,150/156,175/177,99/101,113/113,204/206,140/172,209/209,223/235,156/158
369,313,NSS,SW1991_128,SW1991/128,SW1991_128,54.58,-0.98,130,M,3,Juvenile,1991,03/10/91,215/215,150/154,175/175,99/105,107/107,198/202,138/162,209/209,223/235,154/160
370,292,NSS,SW1995_126,SW1995/126,SW1995_126,53.72,0.03,95,F,0,Juvenile,1995,13/10/95,215/215,148/150,179/181,97/111,105/119,200/208,164/170,209/209,223/223,142/156
371,276,NSS,SW1997_152,SW1997/152,SW1997_152,51.35,1.00,107,F,2,Juvenile,1997,07/10/97,213/215,148/148,175/181,97/99,105/107,202/206,140/168,209/209,223/226,150/158
372,293,NSS,SW1995_120A,SW1995/120A,SW1995_120A,52.88,0.50,107,F,1,Juvenile,1995,05/10/95,NA/NA,148/154,175/175,97/101,105/117,206/206,158/160,209/209,223/223,154/154
373,299,NSS,SW1993_126,SW1993/126,SW1993_126,52.47,1.71,109,M,1,Juvenile,1993,28/10/93,215/215,142/146,175/175,87/105,105/121,198/206,164/172,209/209,232/238,158/158
374,302,NSS,SW1992_202,SW1992/202,SW1992_202,54.91,-1.39,133,F,NA,Juvenile,1992,13/10/92,215/215,142/154,175/175,101/103,105/119,204/210,136/150,209/213,223/223,150/150
375,296,NSS,SW1994_171,SW1994/171,SW1994_171,51.79,1.15,146,M,2,Adult,1994,22/11/94,215/217,146/146,175/175,103/107,105/115,202/206,156/172,209/209,223/238,152/152
376,295,NSS,SW1994_172,SW1994/172,SW1994_172,53.91,-0.17,122,M,3,Juvenile,1994,22/11/94,209/215,150/158,175/175,95/99,107/119,204/204,152/154,209/209,223/223,156/156
377,316,NSS,SW1990_106,SW1990/106,SW1990_106,51.39,0.82,112,M,1,Juvenile,1990,29/11/90,215/217,146/148,175/175,95/99,107/107,206/206,134/136,209/209,223/223,150/150
378,315,NSS,SW1990_94,SW1990/94,SW1990_94,52.78,1.59,151,F,11,Adult,1990,07/11/90,215/215,146/152,177/177,87/105,113/121,202/204,136/158,209/209,229/229,158/158
379,275,NSS,SW1997_174,SW1997/174,SW1997_174,52.56,1.73,147,F,4,Adult,1997,26/11/97,215/217,150/156,161/177,95/99,107/119,198/198,138/140,209/209,NA/NA,158/160
380,269,NSS,SW1998_187,SW1998/187,SW1998_187,52.94,1.08,164,F,9,Adult,1998,03/11/98,215/219,138/150,175/177,89/99,107/109,200/202,140/156,209/209,223/223,152/156
381,312,NSS,SW1991_145,SW1991/145,SW1991_145,54.91,-1.39,126,M,2,Juvenile,1991,20/11/91,215/215,148/150,175/175,97/97,113/119,198/198,160/168,209/209,223/223,NA/NA
382,314,NSS,SW1991_149,SW1991.149,SW1991_149,54.91,-1.39,111,F,2,Juvenile,1991,30/11/91,215/215,150/154,175/187,101/103,119/121,198/206,146/166,209/213,220/232,160/162
383,290,NSS,SW1996_177,SW1996/177,SW1996_177,55.76,-2.02,157,F,NA,Adult,1996,23/12/96,215/215,140/144,175/177,97/99,107/107,198/206,134/138,205/209,223/223,152/158
384,268,NSS,SW1998_208,SW1998/208,SW1998_208,55.08,-1.48,117,M,2,Juvenile,1998,16/12/98,215/217,148/160,175/175,97/99,105/105,198/206,140/144,209/209,217/223,158/160
385,274,NSS,SW1997_178,SW1997/178,SW1997_178,55.04,-1.45,156,F,NA,Adult,1997,05/12/97,215/215,146/150,177/181,97/101,107/117,198/204,154/166,209/209,217/223,154/158
386,273,NSS,SW1997_186A,SW1997/186A,SW1997_186A,55.05,-1.45,113,M,1,Juvenile,1997,22/12/97,213/215,146/146,175/175,97/103,113/125,198/198,146/146,209/209,220/220,152/154
387,291,NSS,SW1995_141,SW1995/141,SW1995_141,54.99,-1.44,127,M,1,Juvenile,1995,18/12/95,215/217,152/152,175/175,95/99,107/117,202/204,138/148,201/209,223/232,158/160
388,281,NSS,SW1996_64a,SW1996/64a,SW1996_64a,55.26,-1.56,145,M,10,Adult,1996,24/03/96,215/215,148/160,175/177,97/103,115/117,198/202,156/158,209/209,223/235,160/162
510,335,NSS,SW1998_137,SW1998/137,SW1998_137,52.89,1.37,161,F,NA,Adult,1998,23/07/98,215/215,152/152,175/177,87/99,105/115,202/206,142/156,209/209,223/235,136/160
389,427,West,SW1994_7A,SW1994/7A,SW1994_7A,52.14,-4.50,160,F,5,Adult,1994,24/01/94,215/215,146/154,177/181,97/99,105/119,198/204,142/148,209/209,223/223,160/160
390,425,West,SW1995_7,SW1995/7,SW1995_7,52.25,-4.26,154,M,7,Adult,1995,24/01/95,215/215,146/154,175/185,97/97,105/105,204/206,140/162,209/213,223/223,158/158
391,420,West,SW1996_31,SW1996/31,SW1996_31,54.23,-4.53,131,F,2,Juvenile,1996,30/01/96,NA/NA,152/158,175/175,103/105,107/117,204/210,136/136,209/213,223/226,154/160
392,419,West,SW1997_21A,SW1997/21A,SW1997_21A,54.36,-4.38,119,F,0,Juvenile,1997,22/01/97,215/217,148/160,175/177,95/97,105/121,204/204,144/156,209/209,220/235,156/156
393,400,West,SW1999_8,SW1999/8,SW1999_8,52.01,-4.92,120,M,NA,Juvenile,1999,13/01/99,215/215,152/152,181/183,97/99,105/107,202/202,136/148,209/209,223/238,156/156
394,393,West,SW2000_27,SW2000/27,SW2-9_27,52.28,-4.20,93,M,1,Juvenile,2000,20/02/00,215/217,148/148,175/177,97/99,105/113,204/204,162/166,209/209,217/223,160/162
395,413,West,SW1998_21,SW1998/21,SW1998_21,51.67,-4.71,129,M,1,Juvenile,1998,08/02/98,215/215,150/158,175/175,95/97,121/121,204/206,142/150,209/209,220/223,154/154
396,411,West,SW1998_29,SW1998/29,SW1998_29,51.65,-5.07,130,F,2,Juvenile,1998,21/02/98,215/215,152/154,177/187,99/101,105/119,202/204,156/164,205/209,229/235,160/160
397,412,West,SW1998_24,SW1998/24,SW1998_24,51.39,-3.54,122,F,0,Juvenile,1998,17/02/98,215/217,146/150,175/177,97/101,121/123,198/204,138/148,209/209,223/223,152/152
398,399,West,SW2000_16,SW2000/16,SW2-9_16,51.54,-4.21,125,M,3,Juvenile,2000,07/02/00,209/217,140/140,175/175,97/99,105/107,202/202,136/158,209/209,223/238,156/158
399,401,West,SW1999_63,SW1999/63,SW1999_63,51.74,-4.56,124,M,2,Juvenile,1999,29/03/99,215/215,152/152,175/181,97/101,119/121,198/200,166/166,213/213,223/223,154/154
400,409,West,SW1999_189,SW1999/189,SW1999_189,52.14,-4.50,116,F,1,Juvenile,1999,26/10/99,209/217,146/156,175/177,99/99,105/107,206/208,158/166,209/209,223/232,158/158
401,402,West,SW1999_60,SW1999/60,SW1999_60,52.52,-4.06,114,M,1,Juvenile,1999,23/03/99,213/217,148/160,175/175,95/97,115/119,208/208,150/162,209/209,226/235,152/152
402,485,West,SW1996_111,SW1996/111,SW1996_111,52.53,-4.06,79,M,0,Neonate,1996,30/06/96,217/217,134/158,175/175,97/105,107/123,198/202,150/160,209/209,226/238,158/158
403,429,West,SW1993_41,SW1993/41,SW1993_41,53.18,-4.46,144,F,NA,NA,1993,16/03/93,215/217,154/156,175/175,95/99,105/107,202/204,NA/NA,209/209,223/229,156/156
404,404,West,SW1999_56,SW1999/56,SW1999_56,52.86,-4.11,133,M,0,Juvenile,1999,22/03/99,215/215,146/148,175/177,101/111,107/119,202/210,160/166,209/209,220/229,156/156
405,403,West,SW1999_58,SW1999/58,SW1999_58,53.00,-4.42,136,F,NA,Juvenile,1999,22/03/99,215/221,144/148,175/175,97/97,105/107,202/202,138/154,209/209,223/223,158/158
406,430,West,SW1993_34,SW1993/34,SW1993_34,53.55,-3.07,132,M,7,Adult,1993,07/03/93,215/219,148/148,175/177,97/99,121/121,202/210,138/156,209/213,217/223,NA/NA
407,410,West,SW1998_37,SW1998/37,SW1998_37,53.34,-3.11,122,M,0,Juvenile,1998,02/03/98,215/217,148/150,177/177,99/107,105/119,202/206,136/156,209/209,223/235,152/158
408,392,West,SW2000_37,SW2000/37,SW2-9_37,51.71,-5.19,140,F,3,Juvenile,2000,03/03/00,215/215,146/148,175/175,99/107,107/121,202/204,152/164,209/213,220/232,154/156
409,391,West,SW2000_53,SW2000/53,SW2-9_53,52.00,-4.96,115,F,3,Juvenile,2000,15/03/00,217/217,142/150,175/177,97/105,119/125,206/208,164/164,209/209,NA/NA,144/150
410,390,West,SW2001_62,SW2001/62,SW2001_62,51.69,-5.08,122,F,NA,Juvenile,2001,21/03/01,209/215,152/152,175/175,89/99,107/113,198/202,138/144,209/209,220/223,152/154
411,440,West,SW2001_85,SW2001/85,SW2001_85,52.25,-4.25,122,F,2,Juvenile,2001,21/04/01,217/217,148/148,175/177,99/111,107/117,204/208,138/158,209/209,223/223,148/160
412,478,West,SW1996_71,SW1996/71,SW1996_71,51.67,-4.71,126,F,1,Juvenile,1996,04/04/96,215/215,150/156,163/175,97/99,105/121,198/202,136/148,209/209,220/232,148/154
413,457,West,SW1999_100,SW1999/100,SW1999_100,51.73,-4.55,57,F,0,Neonate,1999,11/05/99,215/217,146/148,NA/NA,97/97,105/107,202/204,138/156,209/209,223/226,154/154
414,450,West,SW1999_96,SW1999/96,SW1999_96,52.44,-4.08,111,F,0,Juvenile,1999,01/05/99,215/215,146/148,175/177,95/99,105/121,198/202,158/166,209/209,211/235,156/156
415,439,West,SW2001_94,SW2001/94,SW2001_94,52.13,-4.53,119,M,1,Juvenile,2001,01/05/01,215/215,146/148,181/181,95/105,115/115,198/208,124/150,209/209,223/223,150/158
416,498,West,SW1994_88,SW1994/88,SW1994_88,51.67,-4.70,139,M,7,Adult,1994,17/05/94,215/215,156/158,175/177,95/99,109/125,202/202,158/166,209/209,223/235,NA/NA
417,497,West,SW1994_95,SW1994/95,SW1994_95,51.73,-4.67,136,F,3,Juvenile,1994,25/05/94,215/215,150/150,175/177,97/99,105/121,200/202,136/138,209/209,220/223,NA/NA
418,491,West,SW1995_57,SW1995/57,SW1995_57,52.41,-4.09,135,M,0,Juvenile,1995,14/05/95,215/217,132/148,177/177,95/97,105/107,202/204,140/158,209/209,223/229,146/156
419,499,West,SW1994_80,SW1994/80,SW1994_80,51.59,-3.81,122,M,4,Juvenile,1994,06/05/94,NA/NA,150/164,175/183,99/101,105/105,202/202,136/148,209/213,232/235,154/156
420,515,West,SW1992_112,SW1992/112,SW1992_112,52.58,-4.08,133,M,2,Juvenile,1992,15/05/92,209/217,144/146,175/177,105/109,105/105,204/206,166/170,209/209,229/235,148/150
421,458,West,SW1998_97,SW1998/97,SW1998_97,51.64,-4.69,133,F,0,Juvenile,1998,21/05/98,215/215,154/156,175/177,97/97,107/109,208/208,142/150,209/209,220/220,154/154
422,477,West,SW1996_94,SW1996/94,SW1996_94,51.60,-4.28,166,F,NA,Adult,1996,26/05/96,NA/NA,146/146,175/177,97/101,105/105,198/208,138/138,209/209,220/223,150/160
423,465,West,SW1997_97,SW1997/97,SW1997_97,51.74,-4.54,70,F,0,Neonate,1997,25/06/97,215/215,144/158,177/183,NA/NA,107/121,198/206,138/164,209/209,223/229,144/154
424,466,West,SW1997_96,SW1997/96,SW1997_96,52.30,-4.16,154,F,6,Adult,1997,23/06/97,209/215,148/152,177/177,95/99,105/121,202/202,140/144,209/209,223/244,136/158
425,464,West,SW1998_116,SW1998/116,SW1998_116,52.48,-4.06,77,M,0,Neonate,1998,28/06/98,215/215,146/156,175/177,95/99,105/107,198/198,NA/NA,209/209,229/229,152/152
426,456,West,SW1999_117,SW1999/117,SW1999_117,52.45,-4.08,165,F,NA,Adult,1999,12/06/99,215/215,146/150,175/175,95/99,105/107,202/202,134/168,209/209,223/235,156/156
427,508,West,SW1993_69,SW1993/69,SW1993_69,51.69,-4.29,73,M,0,Neonate,1993,16/06/93,215/215,146/146,175/175,97/103,105/119,206/208,138/164,209/209,229/229,148/156
428,490,West,SW1995_62,SW1995/62,SW1995_62,51.97,-5.09,79,F,0,Neonate,1995,09/06/95,215/217,148/154,175/181,97/97,107/107,198/204,152/166,209/209,223/223,160/160
429,489,West,SW1995_63,SW1995/63,SW1995_63,52.14,-4.52,144,M,6,Adult,1995,10/06/95,215/215,148/150,175/181,99/99,105/105,202/210,136/166,209/209,223/232,156/158
430,488,West,SW1995_68,SW1995/68,SW1995_68,51.74,-4.54,67,M,0,Neonate,1995,25/06/95,215/215,142/148,175/177,97/101,105/121,204/206,120/138,209/209,220/220,150/150
431,486,West,SW1996_107,SW1996/107,SW1996_107,52.53,-4.05,171,F,NA,Adult,1996,24/06/96,215/217,146/148,175/177,95/109,107/115,204/206,158/170,209/209,223/235,154/164
432,467,West,SW1997_93,SW1997/93,SW1997_93,52.41,-4.09,160,F,6,Adult,1997,13/06/97,215/215,146/158,175/175,95/101,107/115,202/206,140/164,209/209,226/229,150/158
433,516,West,SW1991_71,SW1991/71,SW1991_71,53.28,-4.36,127,M,1,Juvenile,1991,24/06/91,209/215,146/148,177/177,101/107,107/115,202/202,138/170,209/209,226/229,162/162
434,506,West,SW1994_101,SW1994/101,SW1994_101,52.75,-4.79,82,M,0,Neonate,1994,03/06/94,NA/NA,146/150,175/175,99/99,105/115,202/206,138/140,209/213,220/241,152/156
435,496,West,SW1994_99,SW1994/99,SW1994_99,52.61,-4.13,120,M,2,Juvenile,1994,02/06/94,217/217,142/148,175/175,95/97,105/123,198/206,162/164,209/209,235/235,156/156
436,505,West,SW1994_106,SW1994/106,SW1994_106,51.66,-4.45,99,M,1,Juvenile,1994,14/06/94,215/215,146/148,181/183,95/99,105/123,202/206,138/148,209/213,223/223,154/158
437,468,West,SW1997_91,SW1997/91,SW1997_91,51.59,-4.01,89,F,0,Neonate,1997,09/06/97,NA/NA,146/146,175/181,97/107,107/117,202/202,140/168,209/209,220/223,152/158
438,476,West,SW1997_113,SW1997/113,SW1997_113,51.70,-4.36,78,F,0,Neonate,1997,13/07/97,215/215,146/154,175/177,99/101,103/105,198/198,136/150,209/209,238/238,158/158
439,446,West,SW2001_138,SW2001/138,SW2001_138,51.74,-4.57,78,M,0,Neonate,2001,01/07/01,215/217,148/150,175/175,NA/NA,105/105,198/202,134/166,209/209,223/223,154/158
440,444,West,SW2001_170,SW2001/170,SW2001_170,51.76,-4.40,73,F,0,Neonate,2001,22/07/01,213/215,150/150,175/177,95/99,107/119,198/198,140/166,209/209,223/223,150/158
441,483,West,SW1996_118,SW1996/118,SW1996_118,52.41,-4.09,77,M,0,Neonate,1996,10/07/96,215/217,148/150,175/175,97/101,107/115,198/206,134/164,209/209,214/235,158/158
442,474,West,SW1997_117,SW1997/117,SW1997_117,52.21,-4.34,85,F,0,Neonate,1997,17/07/97,215/215,148/148,175/175,101/103,105/123,202/204,136/148,209/209,NA/NA,150/158
443,472,West,SW1997_128,SW1997/128,SW1997_128,52.48,-4.06,129,F,NA,Juvenile,1997,31/07/97,NA/NA,146/152,175/175,101/109,115/123,198/206,138/164,205/209,223/223,144/156
444,463,West,SW1998_135,SW1998/135,SW1998_135,52.48,-4.06,76,M,0,Neonate,1998,18/07/98,215/217,146/148,175/175,95/97,107/115,198/206,138/140,209/209,223/226,160/160
445,445,West,SW2001_168,SW2001/168,SW2001_168,52.15,-4.49,88,F,0,Neonate,2001,22/07/01,215/215,146/152,175/185,103/105,105/105,198/206,140/164,209/209,223/223,158/158
446,449,West,SW2000_131,SW2000/131,SW2-9_131,53.31,-3.74,88,M,0,Neonate,2000,11/07/00,209/215,152/156,NA/NA,89/101,105/119,206/206,134/154,209/209,223/241,152/160
447,484,West,SW1996_117,SW1996/117,SW1996_117,54.55,-3.59,69,F,0,Neonate,1996,09/07/96,215/219,146/148,175/175,95/99,105/105,202/204,138/152,209/209,223/235,158/162
448,482,West,SW1996_119,SW1996/119,SW1996_119,54.55,-3.59,128,M,2,Juvenile,1996,10/07/96,213/217,156/162,175/175,97/97,105/105,202/206,136/140,209/209,223/229,160/160
449,503,West,SW1994_118,SW1994/118,SW1994_118,52.50,-4.06,145,M,4,Adult,1994,09/07/94,213/215,148/158,175/177,109/109,107/107,202/204,136/170,209/213,220/235,152/152
450,504,West,SW1994_114,SW1994/114,SW1994_114,51.63,-3.84,82,F,0,Neonate,1994,02/07/94,215/217,148/150,175/175,97/99,107/121,198/202,142/166,209/209,229/229,148/148
451,518,West,IC1991_2,IC1991/2,IC1991_2,53.20,-4.40,78,M,0,Neonate,1991,15/07/91,215/217,148/148,175/177,95/99,105/107,202/204,140/168,209/209,223/235,158/164
452,514,West,SW1992_165,SW1992/165,SW1992_165,52.58,-4.08,148,M,18,Adult,1992,19/07/92,215/217,144/152,175/175,101/109,105/107,198/204,166/168,209/209,220/235,136/158
453,513,West,SW1992_170,SW1992/170,SW1992_170,52.58,-4.08,157,M,6,Adult,1992,29/07/92,215/217,148/150,175/177,97/109,105/121,208/208,152/164,209/209,226/235,152/158
454,487,West,SW1995_86,SW1995/86,SW1995_86,53.27,-4.63,172,F,5,Adult,1995,07/07/95,215/217,148/150,175/181,97/101,107/119,204/204,NA/NA,209/209,220/238,160/160
455,473,West,SW1997_118,SW1997/118,SW1997_118,53.35,-3.41,172,F,8,Adult,1997,18/07/96,215/217,146/158,175/175,97/103,107/119,202/206,NA/NA,205/209,NA/NA,142/142
456,475,West,SW1997_116,SW1997/116,SW1997_116,52.00,-4.99,160,M,NA,Adult,1997,23/07/97,215/217,146/148,175/187,97/101,121/121,198/198,136/160,201/213,223/223,158/158
457,481,West,SW1996_132,SW1996/132,SW1996_132,51.74,-4.57,129,F,1,Juvenile,1996,10/08/96,215/217,148/154,175/187,95/103,105/105,198/202,150/152,209/209,223/235,154/154
458,462,West,SW1998_164,SW1998/164,SW1998_164,52.28,-4.19,142,M,5,Adult,1998,25/08/98,215/215,148/152,175/177,97/99,115/117,202/208,158/164,209/213,229/241,154/156
459,453,West,SW1999_158,SW1999/158,SW1999_158,52.22,-4.36,89,F,0,Neonate,1999,31/08/99,215/217,146/148,175/177,99/103,105/105,202/206,138/158,209/209,223/223,156/156
460,442,West,SW2001_198,SW2001/198,SW2001_198,52.21,-4.33,82,F,0,Neonate,2001,28/08/01,215/217,148/156,177/183,99/101,117/121,198/204,136/158,205/209,223/235,154/162
461,471,West,SW1997_130,SW1997/130,SW1997_130,54.45,-3.57,144,M,NA,Adult,1997,03/08/97,215/215,146/158,175/177,99/105,105/107,202/210,136/136,209/213,223/223,150/154
462,512,West,SW1992_175,SW1992/175,SW1992_175,51.69,-4.29,140,M,4,NA,1992,03/08/92,215/215,148/148,175/177,95/107,105/121,200/208,138/158,209/209,223/235,154/154
463,507,West,SW1993_94,SW1993/94,SW1993_94,52.21,-4.34,133,M,2,Juvenile,1993,16/08/93,215/217,146/150,175/175,97/103,119/121,198/198,138/164,209/209,223/229,NA/NA
464,502,West,SW1994_133,SW1994/133,SW1994_133,51.64,-4.81,97,M,0,Juvenile,1994,01/08/94,213/215,150/154,177/177,NA/NA,105/121,202/208,138/166,209/213,223/223,150/160
465,500,West,SW1994_145,SW1994/145,SW1994_145,52.52,-4.06,92,M,0,Juvenile,1994,28/08/94,215/215,138/148,175/177,99/101,107/107,198/202,134/170,209/209,223/235,142/142
466,495,West,SW1995_106,SW1995/106,SW1995_106,52.30,-4.17,123,F,1,Juvenile,1995,24/08/95,215/215,148/148,NA/NA,95/99,105/121,204/206,160/170,209/209,214/235,150/154
467,501,West,SW1994_143,SW1994/143,SW1994_143,52.72,-4.01,87,F,0,Neonate,1994,24/08/94,217/217,138/148,175/177,99/101,107/107,204/204,136/152,209/209,223/223,148/158
468,454,West,SW1999_155,SW1999/155,SW1999_155,52.82,-4.51,70,F,0,Neonate,1999,24/08/99,217/217,150/150,175/177,105/107,105/107,202/204,138/164,205/209,223/223,158/160
469,470,West,SW1997_131,SW1997/131,SW1997_131,54.00,-2.87,151,M,9,Adult,1997,03/08/97,213/215,146/146,175/177,95/101,105/113,198/202,148/162,209/209,223/235,154/158
470,443,West,SW2001_193,SW2001/193,SW2001_193,51.65,-4.86,147,M,10,Adult,2001,21/08/01,215/215,146/146,175/181,99/101,107/119,198/198,120/160,209/213,220/235,154/162
471,455,West,SW1999_152,SW1999/152,SW1999_152,51.48,-3.70,134,M,NA,Adult,1999,17/08/99,215/215,150/150,175/181,99/99,105/107,204/204,166/170,209/209,220/229,154/160
472,451,West,SW1999_177,SW1999/177,SW1999_177,51.70,-4.35,125,M,NA,Juvenile,1999,26/09/99,215/215,150/150,175/179,97/97,105/119,202/202,152/160,209/209,223/229,160/160
473,480,West,SW1996_147,SW1996/147,SW1996_147,52.13,-4.53,91,F,0,Juvenile,1996,12/09/96,213/215,146/146,175/175,99/99,119/119,206/208,134/138,209/213,223/229,158/168
474,447,West,SW2000_157,SW2000/157,SW2-9_157,52.50,-4.06,112,M,1,Juvenile,2000,22/09/00,215/215,140/146,177/185,99/105,105/107,204/208,144/164,209/209,220/226,156/158
475,441,West,SW2001_203,SW2001/203,SW2001_203,52.16,-4.47,113,M,3,Juvenile,2001,03/09/01,217/217,148/148,175/181,99/99,105/125,198/204,138/138,209/209,235/235,152/156
476,517,West,SW1991_120,SW1991/120,SW1991_120,51.69,-4.26,117,F,0,Juvenile,1991,23/09/91,NA/NA,148/152,175/175,95/99,107/117,198/210,150/164,209/209,223/235,136/160
477,510,West,SW1992_198,SW1992/198,SW1992_198,52.13,-4.51,136,M,15,Adult,1992,23/09/92,213/215,148/148,175/175,99/107,105/107,202/208,152/158,209/209,223/232,150/150
478,493,West,SW1995_115,SW1995/115,SW1995_115,52.13,-4.55,117,M,2,Juvenile,1995,20/09/95,215/215,144/148,175/177,95/101,105/107,202/208,160/164,209/209,229/229,158/160
479,492,West,SW1995_116,SW1995/116,SW1995_116,51.70,-4.36,158,F,3,Juvenile,1995,22/09/95,NA/NA,146/158,175/177,101/103,105/107,198/206,136/136,209/209,223/223,158/158
480,479,West,SW1996_151,SW1996/151,SW1996_151,52.41,-4.09,112,F,NA,Juvenile,1996,29/09/96,215/215,146/148,175/177,95/101,105/121,204/208,160/164,209/213,235/235,156/156
481,511,West,SW1992_195B,SW1992/195B,SW1992_195B,53.18,-4.49,163,M,11,Adult,1992,16/09/92,215/215,152/154,175/175,NA/NA,107/121,202/202,138/154,209/209,229/241,156/156
482,494,West,SW1995_109,SW1995/109,SW1995_109,53.36,-4.56,110,M,0,Juvenile,1995,08/09/95,215/215,152/152,175/177,95/101,105/119,198/198,140/156,209/209,220/235,160/160
483,448,West,SW2000_154,SW2000/154,SW2-9_154,52.55,-4.08,125,M,NA,Adult,2000,17/09/00,215/217,136/150,175/177,97/99,105/107,202/210,158/162,209/209,223/229,144/160
484,509,West,SW1993_116,SW1993/116,SW1993_116,54.23,-4.53,143,F,5,Adult,1993,19/09/93,215/217,144/144,NA/NA,99/103,105/125,198/206,136/164,209/209,232/232,NA/NA
485,469,West,SW1997_138,SW1997/138,SW1997_138,53.82,-3.05,118,F,1,Juvenile,1997,07/09/97,215/215,148/158,175/181,NA/NA,105/117,198/206,140/148,209/209,235/238,136/156
486,452,West,SW1999_174B,SW1999/174B,SW1999_174B,53.40,-3.11,114,F,1,Juvenile,1999,23/09/99,215/215,152/156,175/175,95/97,105/107,202/202,144/154,209/209,220/223,156/156
487,461,West,SW1998_167,SW1998/167,SW1998_167,51.67,-4.71,110,F,1,Juvenile,1998,07/09/98,215/215,146/154,175/179,97/107,105/121,198/198,164/174,209/209,235/235,154/162
488,459,West,SW1998_174,SW1998/174,SW1998_174,52.02,-4.84,147,M,7,Adult,1998,28/09/98,215/215,148/156,175/181,99/105,105/121,202/210,156/172,209/209,223/238,158/160
489,460,West,SW1998_170,SW1998/170,SW1998_170,51.58,-3.91,143,M,4,Adult,1998,17/09/98,215/217,148/148,177/177,95/101,105/107,198/208,138/162,209/209,223/223,NA/NA
490,417,West,SW1998_183,SW1998/183,SW1998_183,52.30,-4.16,121,M,2,Juvenile,1998,18/10/98,215/217,148/148,175/175,97/99,107/115,202/204,158/164,209/213,223/235,150/150
491,397,West,SW2000_166,SW2000/166,SW2-9_166,52.25,-4.22,151,M,5,Adult,2000,11/10/00,215/217,134/142,175/175,97/99,107/107,204/204,164/166,209/209,226/238,154/158
492,438,West,SW1991_124,SW1991/124,SW1991_124,51.73,-5.32,134,F,1,Juvenile,1991,01/10/91,215/217,148/150,161/183,97/111,105/105,198/198,150/162,209/209,223/229,158/164
493,436,West,SW1991_136,SW1991/136,SW1991_136,52.08,-4.66,144,M,7,Adult,1991,22/10/91,217/219,148/150,175/175,95/101,105/105,198/198,140/164,205/209,220/223,160/160
494,435,West,SW1992_203,SW1992/203,SW1992_203,52.13,-4.56,104,F,0,Juvenile,1992,15/10/92,215/215,156/156,175/175,95/109,105/107,202/204,150/152,209/209,229/235,NA/NA
495,434,West,SW1993_122,SW1993/122,SW1993_122,52.41,-4.09,156,F,12,Adult,1993,16/10/93,215/215,148/148,177/179,99/99,105/115,198/208,134/134,209/209,214/223,146/154
496,424,West,SW1996_160,SW1996/160,SW1996_160,52.00,-4.97,191,F,14,Adult,1996,23/10/96,215/215,148/158,175/181,95/97,105/117,198/206,136/146,209/213,220/223,156/156
497,426,West,SW1995_122,SW1995/122,SW1995_122,52.69,-4.06,102,F,0,Juvenile,1995,06/10/95,215/215,144/146,175/177,95/97,107/107,202/208,164/166,209/209,223/229,156/160
498,423,West,SW1996_163,SW1996/163,SW1996_163,52.92,-4.14,159,M,6,Adult,1996,31/10/96,213/217,142/146,175/177,95/109,113/121,202/202,138/168,209/209,229/238,144/152
499,408,West,SW1999_192,SW1999/192,SW1999_192,52.72,-4.07,148,F,5,Adult,1999,29/10/99,215/217,152/152,175/175,95/97,105/113,198/204,140/152,209/209,229/241,152/152
500,398,West,SW2000_165,SW2000/165,SW2-9_165,52.57,-4.08,99,M,0,Juvenile,2000,09/10/00,215/217,150/156,177/177,103/111,107/115,202/204,138/152,209/209,223/223,154/158
501,396,West,SW2000_174,SW2000/174,SW2-9_174,52.92,-4.22,126,F,2,Juvenile,2000,25/10/00,213/217,142/150,175/177,99/103,105/107,198/204,162/186,209/209,223/238,160/160
502,395,West,SW2000_176,SW2000/176,SW2-9_176,52.69,-4.06,133,M,2,Juvenile,2000,25/10/00,215/215,146/148,177/181,99/101,105/113,198/208,160/164,209/209,NA/NA,158/158
503,394,West,SW2000_181,SW2000/181,SW2-9_181,52.67,-4.08,161,F,NA,Adult,2000,26/10/00,215/215,150/152,175/175,97/97,105/115,198/204,134/152,209/213,223/223,158/158
504,437,West,SW1991_135,SW1991/135,SW1991_135,53.81,-3.06,87,F,0,Neonate,1991,21/10/91,NA/NA,148/156,175/183,95/99,107/121,204/204,144/156,209/209,223/229,152/152
505,418,West,SW1998_179,SW1998/179,SW1998_179,52.00,-4.97,119,M,0,Juvenile,1998,11/10/98,215/215,150/158,175/177,95/95,105/113,198/202,150/152,209/209,226/235,154/158
506,415,West,SW1998_198,SW1998/198,SW1998_198,52.53,-4.06,123,F,2,Juvenile,1998,27/11/98,209/217,140/152,177/177,99/107,113/117,198/204,166/170,209/209,235/241,158/158
507,407,West,SW1999_198,SW1999/198,SW1999_198,52.48,-4.06,160,F,NA,Adult,1999,23/11/99,215/215,146/148,175/177,97/99,105/115,198/208,188/206,209/209,214/229,150/162
508,433,West,SW1993_127,SW1993/127,SW1993_127,52.48,-4.06,105,M,1,Juvenile,1993,12/11/93,215/215,146/148,175/175,97/99,107/107,202/202,152/168,209/209,223/223,152/152
509,432,West,SW1993_131,SW1993/131,SW1993_131,51.70,-4.71,100,F,1,Juvenile,1993,18/11/93,215/217,146/146,175/177,99/101,107/119,206/206,136/138,205/209,220/235,150/150
511,416,West,SW1998_191,SW1998/191,SW1998_191,52.41,-4.09,157,F,6,Adult,1998,09/11/98,213/215,150/158,175/175,NA/NA,105/115,202/208,134/152,209/213,220/223,150/152
512,422,West,SW1996_170,SW1996/170,SW1996_170,53.32,-4.21,143,M,1,Juvenile,1996,20/11/96,215/215,146/150,175/175,97/97,105/105,202/206,160/172,209/209,229/235,152/160
513,431,West,SW1993_142,SW1993/142,SW1993_142,52.43,-4.06,142,M,6,Adult,1993,07/12/93,NA/NA,154/156,175/177,99/107,113/119,206/210,160/166,209/209,235/244,148/154
514,414,West,SW1998_207,SW1998/207,SW1998_207,53.18,-4.22,108,F,0,Juvenile,1998,14/12/98,217/217,150/150,175/175,95/99,105/121,198/202,134/180,205/209,220/223,NA/NA
515,406,West,SW1999_202,SW1999/202,SW1999_202,53.05,-4.34,113,F,1,Juvenile,1999,05/12/99,215/215,152/160,175/177,95/95,107/115,204/206,164/170,209/209,223/235,160/160
516,421,West,SW1996_175,SW1996/175,SW1996_175,51.82,-5.12,137,F,1,Juvenile,1996,09/12/96,209/215,146/148,175/175,87/97,107/107,198/202,152/164,209/209,229/235,150/154
517,428,West,SW1994_44,SW1994/44,SW1994_44,52.50,-4.06,139,M,4,NA,1994,31/03/94,215/217,148/154,175/175,97/99,105/107,204/206,138/148,205/209,235/241,156/158
518,519,West,SW1991_NA_6,SW1991/NA(6),SW1991_NA_6,54.27,-4.65,25,M,juvenile,20,1991,NA,215/217,152/152,175/175,101/105,107/121,198/204,140/154,209/209,223/223,144/156
519,405,West,SW1999_208,SW1999/208,SW1999_208,51.57,-4.01,125,F,1,Juvenile,1999,26/12/99,213/215,148/148,175/175,99/99,107/123,198/202,150/172,209/213,217/223,152/152
559,561,West,SW1996_101,SW1996/101,SW1996_101,51.64,-4.81,125,M,2,Juvenile,1996,12/06/96,215/215,154/162,177/179,97/99,105/107,198/206,138/170,209/209,223/223,156/158
520,530,WScot,M0042_93,SW1993/1A,M0042_93,57.38,-6.07,115,M,NA,Juvenile,1993,06/01/93,215/217,152/154,175/175,95/99,105/107,206/206,162/166,209/209,223/226,150/160
521,525,WScot,M103_99,SW1999/8B,M103_99,55.21,-4.88,145,M,12,Adult,1999,14/01/99,215/217,146/152,175/177,97/99,105/119,198/206,154/164,209/209,217/223,160/160
522,533,WScot,M105_93,SW1993/10A,M105_93,56.58,-6.28,154,F,NA,NA,1993,18/01/93,217/217,144/156,177/179,97/99,105/121,198/210,134/162,209/209,229/244,148/148
523,527,WScot,M130_99,SW1999/10A,M130_99,55.53,-4.66,160,F,20,Adult,1999,18/01/99,215/217,138/146,175/175,89/95,105/107,198/202,136/160,209/209,223/244,144/144
524,535,WScot,M8_01,M8/01,M8_01,55.94,-4.92,NA,F,NA,NA,2001,NA,215/217,148/148,175/175,97/99,119/121,198/198,140/150,209/213,223/235,154/158
525,549,WScot,M004_02,M004/02,M004_02,57.43,-7.35,NA,M,NA,NA,2002,NA,215/215,146/150,177/177,97/101,113/121,204/204,NA/NA,209/209,223/223,158/158
526,548,WScot,M0063_96,M0063/96,M0063_96,57.60,-7.30,NA,M,NA,NA,1996,NA,213/215,148/148,175/175,97/97,105/107,198/208,152/152,209/209,235/244,154/156
527,547,WScot,M0170_95,M0170/95,M0170_95,58.32,-5.27,NA,F,NA,NA,1995,NA,215/215,146/158,175/177,87/97,105/121,204/204,154/164,209/209,235/241,154/156
528,546,WScot,M12_00,SW2000/14A,M12_00,57.21,-6.01,142,M,10,Adult,2000,06/02/00,215/215,150/150,175/177,95/105,115/119,202/204,136/136,209/209,217/217,160/160
529,543,WScot,M407_97,SW1997/49A,M407_97,58.10,-5.27,93,M,0,Juvenile,1997,19/02/97,217/217,154/158,175/175,99/109,115/121,198/202,148/160,209/209,223/235,152/154
530,526,WScot,M380_99,SW1999/30A,M380_99,55.73,-5.20,140,F,5,Adult,1999,17/02/99,215/217,148/158,177/177,93/99,105/105,198/206,138/160,209/209,223/232,154/158
531,542,WScot,M426_98,SW1998/35B,M426_98,55.53,-4.66,161,F,12,Adult,1998,28/02/98,215/217,150/158,175/175,95/101,105/105,202/204,156/160,209/209,226/229,154/158
532,541,WScot,M428_98,SW1998/34A,M428_98,55.78,-5.10,143,M,12,Adult,1998,25/02/98,209/215,148/150,175/175,99/105,121/121,202/206,166/166,209/209,223/241,156/156
533,520,WScot,M30_01,SW2001/59D,M30_01,55.99,-4.70,155,F,7,Adult,2001,20/03/01,215/217,150/152,175/177,97/99,105/107,198/210,138/140,209/209,232/235,156/162
534,540,WScot,M487_98,SW1998/36B,M487_98,55.55,-4.66,136,M,NA,NA,1998,01/03/98,213/215,NA/NA,177/183,97/99,119/121,198/202,138/150,209/213,223/223,150/158
535,522,WScot,M24_01,SW2001/40A,M24_01,58.21,-6.31,137,M,7,Adult,2001,07/03/01,215/215,148/154,177/177,97/107,105/107,206/208,152/166,209/209,220/223,154/162
536,521,WScot,M27_01,SW2001/55A,M27_01,58.21,-6.29,126,F,1,Juvenile,2001,14/03/01,209/215,154/154,175/175,99/103,105/107,198/202,162/170,209/209,220/223,158/158
537,550,WScot,M36_01,SW2001/79D,M36_01,57.24,-5.90,104,F,1,Juvenile,2001,10/04/01,215/215,148/160,175/185,97/99,113/121,202/204,156/168,209/209,223/223,152/160
538,551,WScot,M35_01,SW2001/79B,M35_01,56.30,-5.65,163,F,15,Adult,2001,09/04/01,215/219,150/150,175/187,99/101,105/113,198/208,150/164,209/213,223/235,136/162
539,577,WScot,M51_01,SW2001/87A,M51_01,55.88,-4.97,129,M,3,NA,2001,26/04/01,217/219,146/150,177/177,99/101,103/107,210/210,138/168,209/213,217/226,136/148
540,576,WScot,M516_99,SW1999/90A,M516_99,56.41,-5.54,114,F,2,Juvenile,1999,20/04/99,215/217,146/148,175/175,95/99,105/107,198/202,154/154,209/209,223/235,152/154
541,591,WScot,M0600_96,M0600/96,M0600_96,57.35,-7.35,NA,M,NA,NA,1996,NA,213/213,150/150,175/177,97/107,105/119,204/206,162/164,209/209,223/229,150/158
542,590,WScot,M0776_97,M0776/97,M0776_97,57.27,-7.43,NA,M,NA,NA,1997,NA,215/215,150/150,175/175,95/113,105/121,198/198,140/170,209/209,223/223,152/152
543,589,WScot,M0881_97,M0881/97,M0881_97,57.27,-7.43,NA,NA,NA,NA,1997,NA,213/215,150/150,175/177,87/97,119/121,198/208,152/156,209/213,223/232,NA/NA
544,566,WScot,M1204_93,SW1993/64D,M1204_93,57.64,-5.80,152,M,12,Adult,1993,31/05/93,213/217,136/152,175/175,87/101,107/119,198/206,158/168,209/209,223/223,152/162
545,569,WScot,M63_01,SW2001/107A,M63_01,56.85,-5.32,110,F,0,Juvenile,2001,17/05/01,215/217,152/154,NA/NA,97/99,113/115,202/208,148/164,209/213,223/229,152/158
546,575,WScot,M520_99,SW1999/96A,M520_99,56.41,-5.50,146,F,10,Adult,1999,01/05/99,217/217,146/154,175/187,95/103,105/123,206/206,138/154,209/213,223/223,152/156
547,574,WScot,M521_99,SW1999/96B,M521_99,56.03,-4.87,147,F,10,Adult,1999,01/05/99,215/219,146/158,175/177,93/97,107/119,204/210,120/164,209/209,223/223,156/158
548,586,WScot,M1109_97,M1109/97,M1109_97,57.40,-7.29,NA,NA,NA,NA,1997,NA,215/217,152/154,175/175,95/97,107/123,202/206,120/142,209/209,223/235,150/158
549,559,WScot,M1031_96,SW1996/103B,M1031_96,57.94,-5.20,78,F,NA,Neonate,1996,17/06/96,215/215,148/152,175/177,97/101,105/105,198/202,134/142,205/209,220/232,152/158
550,562,WScot,M1190_95,SW1995/67B,M1190_95,57.93,-5.22,148,F,15,Adult,1995,23/06/95,213/215,150/158,175/175,97/101,107/117,206/206,136/162,209/209,223/223,154/162
551,565,WScot,M1237_93,SW1993/66D,M1237_93,56.73,-5.25,160,F,10,Adult,1993,04/06/93,217/217,NA/NA,175/175,95/105,107/107,204/206,150/166,209/209,217/235,160/162
552,560,WScot,M1020_96,SW1996/101D,M1020_96,56.20,-4.75,106,F,4,Juvenile,1996,13/06/96,215/215,146/152,175/177,97/101,117/121,198/198,120/138,213/213,220/223,154/158
553,585,WScot,M113_00,SW2000/120A,M113_00,56.52,-5.47,74,M,NA,Neonate,2000,27/06/00,213/215,126/142,NA/NA,91/99,105/107,202/204,136/144,209/209,223/229,156/160
554,583,WScot,M127_01,M127/01,M127_01,55.29,-4.92,NA,M,NA,NA,2001,NA,215/215,146/150,177/183,99/107,105/119,206/206,136/136,209/209,226/229,158/158
555,558,WScot,M1342_98,SW1998/109A,M1342_98,55.69,-4.87,75,F,NA,Neonate,1998,22/06/98,215/215,136/148,177/177,97/101,107/119,204/206,160/166,209/209,223/226,144/144
556,573,WScot,M546_99,SW1999/121A,M546_99,55.43,-5.72,68,M,NA,Neonate,1999,22/06/99,215/215,144/152,175/177,99/99,105/107,198/202,138/160,209/209,223/235,158/160
557,572,WScot,M547_99,SW1999/121B,M547_99,55.87,-5.19,126,M,4,NA,1999,22/06/99,215/217,148/150,161/175,97/97,107/109,202/206,162/162,209/209,223/235,152/156
558,568,WScot,M83_01,SW2001/127C,M83_01,56.20,-4.75,110,F,1,Juvenile,2001,22/06/01,215/215,152/156,175/177,95/99,105/105,198/202,154/162,209/209,223/235,160/160
560,588,WScot,M0973_96,M0973/96,M0973_96,57.27,-7.43,NA,F,NA,NA,1996,NA,215/219,156/156,NA/NA,99/99,105/117,200/202,134/138,209/209,223/229,150/160
561,587,WScot,M0974_96,M0974/96,M0974_96,57.27,-7.43,NA,M,NA,NA,1996,NA,215/215,146/152,175/175,97/99,107/121,200/202,150/156,209/209,223/235,152/154
562,564,WScot,M1267_94,SW1994/107B,M1267_94,57.44,-7.40,77,F,NA,Neonate,1994,21/06/94,215/215,138/148,177/177,97/99,105/107,198/198,158/176,209/209,235/235,142/152
563,582,WScot,M1452_97,SW1997/97A,M1452_97,57.75,-7.17,152,M,11,Adult,1997,25/06/97,215/217,150/150,175/181,99/99,105/121,202/204,164/168,209/213,214/229,156/156
564,554,WScot,M111_01,SW2001/181B,M111_01,54.90,-4.39,164,F,5,Adult,2001,29/07/01,211/215,146/156,175/175,95/103,107/121,198/202,136/164,209/209,229/232,150/156
565,555,WScot,M105_01,SW2001/172A,M105_01,57.24,-5.86,157,M,12,Adult,2001,23/07/01,215/215,146/150,NA/NA,97/99,105/121,202/206,136/158,209/209,220/223,154/158
566,556,WScot,M100_01,SW2001/163B,M100_01,57.71,-3.27,164,F,5,Adult,2001,18/07/01,215/217,146/148,175/177,101/101,103/107,198/198,136/162,209/209,223/241,160/160
567,563,WScot,M1349_94,SW1994/112A,M1349_94,55.99,-4.90,138,M,NA,NA,1994,01/07/94,215/217,150/154,161/175,97/103,107/107,198/202,134/160,209/209,223/229,154/156
568,567,WScot,M90_01,SW2001/144A,M90_01,56.19,-4.77,116,F,1,Juvenile,2001,09/07/01,217/217,146/148,183/187,97/99,103/115,198/204,140/156,209/213,226/235,136/158
569,581,WScot,M1694_97,SW1997/125B,M1694_97,57.75,-6.60,161,F,8,Adult,1997,24/07/97,213/217,148/152,175/177,97/105,107/119,202/210,136/140,209/209,223/232,160/160
570,592,WScot,M0589_99,M0589/99,M0589_99,56.30,-6.23,NA,M,NA,NA,1999,NA,213/215,150/156,175/175,95/107,121/121,198/210,150/166,205/209,223/223,156/156
571,553,WScot,M117_01,SW2001/187B,M117_01,55.84,-4.89,139,M,3,NA,2001,07/08/01,215/217,134/164,175/175,97/99,105/107,198/204,152/166,209/213,223/235,160/162
572,557,WScot,M148_00,SW2000/140A,M148_00,56.00,-4.90,128,F,2,Juvenile,2000,09/08/00,215/219,152/152,NA/NA,101/101,105/107,198/202,138/168,209/209,217/235,144/158
573,571,WScot,M565_99,SW1999/148C,M565_99,56.52,-5.36,155,F,10,Adult,1999,01/08/99,215/217,148/154,175/177,87/101,105/119,200/202,134/162,209/209,220/223,156/156
574,584,WScot,M118_01,M118/01,M118_01,58.08,-7.14,NA,F,NA,NA,2001,NA,215/217,146/156,175/175,95/97,119/121,198/202,162/162,209/209,220/229,152/160
575,579,WScot,M1904_97,SW1997/135D,M1904_97,57.75,-6.60,143,F,9,Adult,1997,20/08/97,217/217,146/156,175/175,97/101,105/113,198/202,136/154,209/209,223/232,150/160
576,578,WScot,M1915_97,SW1997/135F,M1915_97,57.75,-6.60,121,M,2,Juvenile,1997,21/08/97,215/215,140/146,175/177,95/97,121/121,202/204,134/138,209/209,223/235,152/160
577,570,WScot,M604_99,SW1999/175A,M604_99,57.26,-5.93,140,M,15,Adult,1999,24/09/99,215/215,148/162,175/177,89/99,105/121,198/206,138/146,209/209,223/235,158/162
578,552,WScot,M135_01,SW2001/206C,M135_01,55.74,-5.60,168,F,9,Adult,2001,14/09/01,215/217,140/156,175/177,97/107,105/107,202/202,152/164,209/209,223/229,160/160
579,580,WScot,M1801_96,M1801/96,M1801_96,57.40,-7.38,NA,F,NA,NA,1996,NA,215/217,148/156,177/177,99/101,107/115,204/204,138/162,209/209,217/223,148/156
580,538,WScot,M624_99,SW1999/192C,M624_99,57.53,-6.60,155,F,8,Adult,1999,29/10/99,NA/NA,138/138,175/175,95/101,105/119,204/206,140/170,209/209,223/226,154/162
581,539,WScot,M610_99,SW1999/180A,M610_99,55.55,-4.66,149,M,12,Adult,1999,02/10/99,217/217,150/156,175/175,95/95,107/115,204/206,162/164,209/213,223/241,162/162
582,529,WScot,M2297_94,SW1994/165C,M2297_94,56.97,-7.52,110,F,NA,Juvenile,1994,28/10/94,217/217,150/152,175/177,95/99,105/123,204/206,136/164,209/209,223/223,152/158
583,534,WScot,M2679_92,SW1992/212B,M2679_92,57.73,-5.69,133,M,NA,NA,1992,22/11/92,215/219,156/162,175/177,97/97,105/121,206/210,150/160,209/209,223/226,152/152
584,523,WScot,M161_01,SW2001/259A,M161_01,56.00,-4.72,149,F,3,NA,2001,22/11/01,215/217,146/146,175/185,99/105,105/107,198/202,136/150,209/209,223/223,158/158
585,544,WScot,M2730_97,SW1997/174B,M2730_97,56.65,-5.35,103,M,1,Juvenile,1997,28/11/97,213/215,148/148,175/177,87/95,107/115,202/206,144/162,209/209,232/235,150/154
586,532,WScot,M2558_93,SW1993/126A,M2558_93,58.19,-6.37,151,M,9,Adult,1993,03/11/93,215/215,152/158,177/187,95/99,115/119,204/206,142/148,209/209,223/223,156/162
587,531,WScot,M2626_93,SW1993/130A,M2626_93,57.21,-7.43,85,F,NA,Neonate,1993,14/11/93,217/219,150/150,175/175,95/105,111/119,202/204,146/168,209/213,220/229,150/158
588,537,WScot,M633_99,SW1999/194A,M633_99,57.09,-7.31,116,M,0,Juvenile,1999,04/11/99,215/215,150/156,175/175,99/99,105/107,198/198,152/154,209/209,223/223,158/158
589,524,WScot,M226_00,SW2000/221A,M226_00,54.93,-4.99,120,F,0,Juvenile,2000,21/12/00,215/217,150/150,175/175,95/101,107/109,198/208,164/170,209/209,229/229,144/144
590,528,WScot,M2790_97,SW1997/178D,M2790_97,56.49,-5.42,155,F,6,Adult,1997,07/12/97,215/217,146/156,175/177,97/103,109/113,202/210,140/152,209/209,229/229,152/152
591,536,WScot,M659_99,SW1999/206B,M659_99,55.84,-5.13,118,F,0,Juvenile,1999,18/12/99,215/215,146/150,NA/NA,95/103,119/121,202/208,150/166,205/209,223/226,158/158
592,545,WScot,M229_00,M229/00,M229_00,57.44,-7.39,NA,M,NA,NA,2000,NA,215/215,144/148,177/177,97/101,107/121,202/204,138/168,209/213,223/223,NA/NA
